,Country_of_Origin,Region,Aroma,Flavor,Aftertaste,Acidity,Body,Balance,Uniformity,CleanCup,Sweetness,CupperPoints,TotalCupPoints
1,Ethiopia,Africa,8.67,8.83,8.67,8.75,8.5,8.42,10,10,10,8.75,90.58
2,Ethiopia,Africa,8.75,8.67,8.5,8.58,8.42,8.42,10,10,10,8.58,89.92
3,Guatemala,CentralA,8.42,8.5,8.42,8.42,8.33,8.42,10,10,10,9.25,89.75
4,Ethiopia,Africa,8.17,8.58,8.42,8.42,8.5,8.25,10,10,10,8.67,89
5,Ethiopia,Africa,8.25,8.5,8.25,8.5,8.42,8.33,10,10,10,8.58,88.83
6,Brazil,SouthA,8.58,8.42,8.42,8.5,8.25,8.33,10,10,10,8.33,88.83
7,Peru,SouthA,8.42,8.5,8.33,8.5,8.25,8.25,10,10,10,8.5,88.75
8,Ethiopia,Africa,8.25,8.33,8.5,8.42,8.33,8.5,10,10,9.33,9,88.67
9,Ethiopia,Africa,8.67,8.67,8.58,8.42,8.33,8.42,9.33,10,9.33,8.67,88.42
10,Ethiopia,Africa,8.08,8.58,8.5,8.5,7.67,8.42,10,10,10,8.5,88.25
11,Ethiopia,Africa,8.17,8.67,8.25,8.5,7.75,8.17,10,10,10,8.58,88.08
12,United States,NorthA,8.25,8.42,8.17,8.33,8.08,8.17,10,10,10,8.5,87.92
13,United States,NorthA,8.08,8.67,8.33,8.42,8,8.08,10,10,10,8.33,87.92
14,United States (Hawaii),Pacific,8.33,8.42,8.08,8.25,8.25,8,10,10,10,8.58,87.92
15,Ethiopia,Africa,8.25,8.33,8.5,8.25,8.58,8.75,9.33,10,9.33,8.5,87.83
16,United States,NorthA,8,8.5,8.58,8.17,8.17,8,10,10,10,8.17,87.58
17,Indonesia,Asia,8.33,8.25,7.83,7.75,8.5,8.42,10,10,10,8.33,87.42
18,Ethiopia,Africa,8.17,8.33,8.25,8.33,8.42,8.33,9.33,10,9.33,8.83,87.33
19,China,Asia,8.42,8.25,8.08,8.17,7.92,8,10,10,10,8.42,87.25
20,Ethiopia,Africa,8.17,8.17,8,8.17,8.08,8.33,10,10,10,8.33,87.25
21,United States,NorthA,8,8.25,8.08,8.5,8.25,8,10,10,10,8.17,87.25
22,Costa Rica,CentralA,8.08,8.25,8,8.17,8,8.33,10,10,10,8.33,87.17
23,Mexico,CentralA,8.17,8.25,8.17,8,7.83,8.17,10,10,10,8.58,87.17
24,United States,NorthA,8.25,8.33,8.17,8.17,7.83,8.17,10,10,10,8.17,87.08
25,Ethiopia,Africa,8.42,8.17,7.92,8.17,8.33,8,10,10,10,8.08,87.08
26,Brazil,SouthA,8.5,8.5,8,8,8,8,10,10,10,7.92,86.92
27,Ethiopia,Africa,7.83,8.25,8.08,8.17,8.17,8.17,10,10,10,8.25,86.92
28,Uganda,Africa,8.42,8.17,8.17,8.17,7.83,7.92,10,10,10,8.17,86.83
29,Honduras,CentralA,8.17,8.08,8.08,8,8.08,8,10,10,10,8.25,86.67
30,Taiwan,Asia,8,8,8,8.25,8,8.17,10,10,10,8.17,86.58
31,Nicaragua,CentralA,7.92,8.25,8,8.33,8,8.08,10,10,10,8,86.58
32,"Tanzania, United Republic Of",Africa,8.42,8.17,8.17,8,7.58,8,10,10,10,8.17,86.5
33,Brazil,SouthA,8.5,8.17,8,7.75,8,8,10,10,10,8,86.42
34,Costa Rica,CentralA,8.17,7.83,8,8.08,7.83,8,10,10,10,8.42,86.33
35,Ethiopia,Africa,8,8.08,7.92,8,8.08,8.08,10,10,10,8.08,86.25
36,Kenya,Africa,8.08,8,8,8.25,7.92,7.92,10,10,10,8.08,86.25
37,United States (Hawaii),Pacific,8.08,8.17,8,7.92,7.92,7.83,10,10,10,8.33,86.25
38,United States (Hawaii),Pacific,8.25,8.42,8.08,7.75,7.67,7.83,10,10,10,8.25,86.25
39,Ethiopia,Africa,7.92,7.75,8.08,8.08,8.08,8.17,10,10,10,8.17,86.25
40,United States,NorthA,7.67,8.17,8,8,8.17,8.08,10,10,10,8.08,86.17
41,Thailand,Asia,7.83,8.33,7.83,8.25,7.58,7.92,10,10,10,8.42,86.17
42,Brazil,SouthA,8.17,7.92,7.92,7.75,8.33,8,10,10,10,8.08,86.17
43,Brazil,SouthA,8.42,7.92,8,7.75,7.92,8,10,10,10,8.17,86.17
44,Taiwan,Asia,8.08,8.17,7.75,8.08,7.75,7.83,10,10,10,8.42,86.08
45,Kenya,Africa,8.08,8.08,8,8,7.83,8.08,10,10,10,8,86.08
46,Brazil,SouthA,8.33,8,8,8,7.75,8,10,10,10,8,86.08
47,Uganda,Africa,8.08,8.08,7.83,7.92,8.08,7.92,10,10,10,8.08,86
48,Colombia,SouthA,7.75,7.92,7.83,8.08,8.08,8.17,10,10,10,8.17,86
49,Kenya,Africa,7.92,8.17,7.83,8.5,7.5,7.92,10,10,10,8.17,86
50,Uganda,Africa,8.25,8,7.83,8.08,8,7.92,10,10,10,7.92,86
51,Ethiopia,Africa,7.75,8.08,8,8.25,8,8,10,10,10,7.92,86
52,United States (Hawaii),Pacific,8.33,8.17,7.75,8,7.75,7.83,10,10,10,8.17,86
53,Guatemala,CentralA,7.92,8.08,7.92,8.08,8.08,7.83,10,10,10,8,85.92
54,Uganda,Africa,8.17,8.17,7.92,8.08,7.83,7.75,10,10,10,8,85.92
55,Colombia,SouthA,8,8,8,8.17,7.83,8,10,10,10,7.92,85.92
56,Panama,CentralA,8,8,7.92,8.08,7.83,8,10,10,10,8,85.83
57,Ethiopia,Africa,7.83,8.08,7.92,8.08,8,7.92,10,10,10,8,85.83
58,Guatemala,CentralA,7.83,8,8,8.17,7.83,8,10,10,10,8,85.83
59,Guatemala,CentralA,8,8,7.83,8.33,7.83,7.83,10,10,10,8,85.83
60,Ethiopia,Africa,7.83,8,7.83,8.17,7.92,8,10,10,10,8,85.75
61,Peru,SouthA,8,8,8,8.08,7.92,7.75,10,10,10,8,85.75
62,Papua New Guinea,Pacific,8.33,8.42,7.83,8.33,8,8.25,9.33,9.33,10,7.92,85.75
63,El Salvador,CentralA,7.92,8.17,8,7.92,7.75,7.83,10,10,10,8,85.58
64,El Salvador,CentralA,7.83,8,8,7.75,7.92,8.17,10,10,10,7.92,85.58
65,United States (Hawaii),Pacific,7.83,8,7.92,7.75,8.08,8,10,10,10,8,85.58
66,Panama,CentralA,8,7.75,7.83,7.83,7.67,8.58,10,10,10,7.83,85.5
67,Kenya,Africa,7.92,7.92,7.83,8.08,7.83,7.92,10,10,10,8,85.5
68,Ethiopia,Africa,7.83,8,7.83,7.92,7.83,8.08,10,10,10,8,85.5
69,Uganda,Africa,8.33,7.92,7.67,7.92,7.67,7.92,10,10,10,8.08,85.5
70,Guatemala,CentralA,8,7.83,7.67,8.33,7.83,8,10,10,10,7.83,85.5
71,Ethiopia,Africa,7.75,7.83,7.83,8.17,7.92,7.83,10,10,10,8.08,85.42
72,Uganda,Africa,8.08,8,7.83,7.67,8,7.83,10,10,10,8,85.42
73,United States (Hawaii),Pacific,7.92,7.92,7.75,7.92,7.75,7.92,10,10,10,8.25,85.42
74,Brazil,SouthA,8,8,8,7.67,7.75,8,10,10,10,8,85.42
75,El Salvador,CentralA,8.08,7.83,7.83,8.08,7.83,7.83,10,10,10,7.92,85.42
76,China,Asia,8,8,8,7.83,7.83,7.75,10,10,10,7.92,85.33
77,Guatemala,CentralA,7.83,7.75,7.83,7.67,7.83,8.58,10,10,10,7.83,85.33
78,Costa Rica,CentralA,7.92,8.08,8,7.92,8,8.08,10,10,9.33,8,85.33
79,Costa Rica,CentralA,8,7.58,7.58,7.67,8.08,8.5,10,10,10,7.92,85.33
80,Kenya,Africa,7.83,8.08,7.75,8.08,7.92,7.75,10,10,10,7.92,85.33
81,Kenya,Africa,8,7.92,7.92,8.08,7.83,7.75,10,10,10,7.83,85.33
82,Ethiopia,Africa,7.83,7.83,7.92,8.08,7.75,7.83,10,10,10,8.08,85.33
83,Ethiopia,Africa,7.92,7.83,7.75,8.33,7.75,7.75,10,10,10,8,85.33
84,Guatemala,CentralA,8,7.92,7.75,8,7.92,7.83,10,10,10,7.83,85.25
85,Colombia,SouthA,8.17,7.92,7.83,8,7.58,7.83,10,10,10,7.92,85.25
86,Colombia,SouthA,7.58,8.08,7.92,7.83,8,7.92,10,10,10,7.92,85.25
87,Indonesia,Asia,7.75,7.83,7.67,8,8.08,7.83,10,10,10,8,85.17
88,Guatemala,CentralA,8.25,8,7.67,7.92,7.75,7.67,10,10,10,7.92,85.17
89,Ethiopia,Africa,7.75,8,7.58,8,8,7.92,10,10,10,7.83,85.08
90,Colombia,SouthA,8.17,7.83,7.58,8.08,8,7.75,10,10,10,7.67,85.08
91,Ethiopia,Africa,8.42,8,7.42,8,7.92,7.92,9.33,10,10,8.08,85.08
92,United States (Hawaii),Pacific,7.58,7.83,7.83,7.92,7.83,8.17,10,10,10,7.92,85.08
93,Colombia,SouthA,7.83,8,7.75,7.75,7.83,7.83,10,10,10,8.08,85.08
94,United States (Hawaii),Pacific,8.08,8.17,7.92,8,8.08,8,9.33,9.33,10,8.17,85.08
95,Ethiopia,Africa,7.67,8,7.83,8,7.92,7.83,10,10,10,7.83,85.08
96,United States (Hawaii),Pacific,7.5,7.92,8.25,7.83,7.92,7.75,10,10,10,7.92,85.08
97,Uganda,Africa,8.17,7.92,7.75,7.75,7.67,7.75,10,10,10,8,85
98,Colombia,SouthA,8,7.92,7.75,7.92,7.75,7.83,10,10,10,7.83,85
99,Costa Rica,CentralA,7.83,8,7.58,7.92,7.92,7.83,10,10,10,7.92,85
100,Mexico,CentralA,7.83,8,7.83,7.75,7.67,7.83,10,10,10,8.08,85
101,Kenya,Africa,8.17,7.83,7.92,7.75,7.67,7.83,10,10,10,7.83,85
102,Kenya,Africa,7.75,7.83,7.75,8.08,8,7.75,10,10,10,7.83,85
103,Brazil,SouthA,8,8,7.83,7.83,7.67,7.67,10,10,10,8,85
104,Mexico,CentralA,7.92,8.17,7.75,8.08,7.42,7.83,10,10,10,7.83,85
105,United States (Hawaii),Pacific,7.75,7.92,7.75,7.75,8,8,10,10,10,7.83,85
106,Guatemala,CentralA,7.83,8.08,7.67,8,7.75,7.67,10,10,10,8,85
107,Colombia,SouthA,7.92,7.92,7.67,7.83,7.92,7.83,10,10,10,7.83,84.92
108,Colombia,SouthA,7.92,7.83,7.75,7.83,7.75,8,10,10,10,7.83,84.92
109,Taiwan,Asia,7.67,7.83,8,7.58,8,7.92,10,10,10,7.92,84.92
110,"Tanzania, United Republic Of",Africa,8,7.83,7.83,7.92,7.75,7.75,10,10,10,7.83,84.92
111,Colombia,SouthA,7.75,7.92,7.83,7.75,7.75,8,10,10,10,7.92,84.92
112,Mexico,CentralA,7.75,8,7.75,7.83,7.5,7.92,10,10,10,8.17,84.92
113,Brazil,SouthA,8,7.92,7.75,7.75,8,7.75,10,10,10,7.75,84.92
114,Brazil,SouthA,8,8,7.75,8,7.5,7.75,10,10,10,7.92,84.92
115,Kenya,Africa,8,7.67,7.83,8.17,7.92,7.75,10,10,10,7.58,84.92
116,Taiwan,Asia,7.92,7.58,7.83,7.83,7.83,7.83,10,10,10,8,84.83
117,Uganda,Africa,7.75,7.92,7.67,7.67,8.25,7.75,10,10,10,7.83,84.83
118,United States (Hawaii),Pacific,7.67,7.75,7.75,7.75,7.83,8,10,10,10,8.08,84.83
119,Ethiopia,Africa,7.75,7.92,7.83,7.92,7.75,7.67,10,10,10,8,84.83
120,Ethiopia,Africa,7.42,7.92,7.92,8,7.83,7.83,10,10,10,7.92,84.83
121,Thailand,Asia,7.75,7.75,7.75,7.75,8,7.75,10,10,10,8,84.75
122,Kenya,Africa,7.92,7.83,7.58,7.92,7.75,7.83,10,10,10,7.92,84.75
123,Honduras,CentralA,7.83,7.75,8,7.67,7.67,7.67,10,10,10,8.17,84.75
124,El Salvador,CentralA,7.75,8,8,8.33,7.67,7.92,10,10,9.33,7.75,84.75
125,Nicaragua,CentralA,7.83,7.58,7.58,7.83,7.75,7.67,10,10,10,8.5,84.75
126,El Salvador,CentralA,7.83,7.83,7.5,8,7.83,7.67,10,10,10,8,84.67
127,Indonesia,Asia,7.92,7.83,7.75,7.75,7.75,7.75,10,10,10,7.92,84.67
128,Japan,Asia,7.75,7.75,7.75,7.42,8.08,7.83,10,10,10,8.08,84.67
129,Costa Rica,CentralA,8.08,7.75,7.67,7.83,7.5,7.92,10,10,10,7.92,84.67
130,Guatemala,CentralA,7.75,7.83,7.58,8,7.92,7.75,10,10,10,7.83,84.67
131,Costa Rica,CentralA,8.17,8,7.83,7.17,7.83,7.75,10,10,10,7.92,84.67
132,Ethiopia,Africa,8.08,7.83,7.75,7.83,7.58,7.67,10,10,10,7.92,84.67
133,Costa Rica,CentralA,7.67,7.58,7.75,7.75,7.67,8.58,10,10,10,7.67,84.67
134,Costa Rica,CentralA,8,7.58,7.83,7.75,7.75,7.75,10,10,10,8,84.67
135,Costa Rica,CentralA,8.08,7.83,7.75,7.83,7.92,8,10,10,9.33,7.92,84.67
136,Taiwan,Asia,8,7.92,7.75,7.75,7.75,7.75,10,10,10,7.75,84.67
137,Colombia,SouthA,7.75,7.83,7.75,7.83,7.75,7.83,10,10,10,7.92,84.67
138,Kenya,Africa,7.75,7.92,7.83,8,7.58,7.75,10,10,10,7.83,84.67
139,Guatemala,CentralA,8,7.83,7.67,7.83,7.67,8,10,10,10,7.67,84.67
140,Guatemala,CentralA,7.67,7.83,7.67,8,7.67,7.83,10,10,10,8,84.67
141,Mexico,CentralA,7.83,7.58,7.67,7.92,7.92,7.83,10,10,10,7.92,84.67
142,Uganda,Africa,7.92,7.83,7.75,7.92,7.67,7.75,10,10,10,7.83,84.67
143,Peru,SouthA,7.67,7.83,7.75,7.75,7.92,7.83,10,10,10,7.92,84.67
144,Ethiopia,Africa,7.42,7.75,7.75,8,8,7.92,10,10,10,7.83,84.67
145,Kenya,Africa,7.92,7.75,7.83,7.75,7.58,7.92,10,10,10,7.83,84.58
146,Colombia,SouthA,7.83,7.67,7.58,7.92,7.67,7.83,10,10,10,8.08,84.58
147,Colombia,SouthA,7.92,7.83,7.58,8,7.83,7.67,10,10,10,7.75,84.58
148,Kenya,Africa,7.83,7.83,7.83,7.75,7.58,7.83,10,10,10,7.92,84.58
149,Guatemala,CentralA,7.75,7.83,7.67,7.92,7.75,7.83,10,10,10,7.83,84.58
150,Guatemala,CentralA,8,7.92,7.67,7.58,7.58,7.67,10,10,10,8.17,84.58
151,Colombia,SouthA,7.67,7.67,7.58,7.75,7.58,8.5,10,10,10,7.83,84.58
152,Colombia,SouthA,7.75,7.75,7.83,7.75,7.58,8,10,10,10,7.92,84.58
153,Kenya,Africa,7.75,7.75,7.75,8.08,7.75,7.75,10,10,10,7.75,84.58
154,Colombia,SouthA,7.67,7.83,7.83,8,7.58,7.92,10,10,10,7.75,84.58
155,Costa Rica,CentralA,7.75,7.83,7.75,8,7.83,7.67,10,10,10,7.75,84.58
156,Colombia,SouthA,7.42,7.67,7.75,7.75,8.08,7.83,10,10,10,8.08,84.58
157,Brazil,SouthA,8,8,7.75,7.75,7.58,7.75,10,10,10,7.75,84.58
158,Brazil,SouthA,8.5,8,7.5,7.75,7.5,7.83,10,10,10,7.5,84.58
159,Costa Rica,CentralA,7.92,7.67,7.92,7.75,7.67,7.58,10,10,10,8,84.5
160,Uganda,Africa,7.92,7.75,7.67,7.75,7.83,7.75,10,10,10,7.83,84.5
161,China,Asia,7.75,7.92,7.67,7.83,7.75,7.67,10,10,10,7.92,84.5
162,Costa Rica,CentralA,7.92,7.83,7.83,7.83,7.58,7.58,10,10,10,7.92,84.5
163,Colombia,SouthA,8.08,7.67,7.83,7.83,7.67,7.67,10,10,10,7.75,84.5
164,China,Asia,7.67,8,7.75,7.83,7.75,7.58,10,10,10,7.92,84.5
165,Guatemala,CentralA,8.17,7.83,7.67,7.83,7.67,7.83,10,10,10,7.5,84.5
166,Kenya,Africa,7.92,7.83,7.67,8,7.67,7.75,10,10,10,7.67,84.5
167,Mexico,CentralA,8,7.92,7.42,8.08,7.5,7.67,10,10,10,7.92,84.5
168,Mexico,CentralA,7.92,7.83,7.75,7.75,7.75,7.83,10,10,10,7.67,84.5
169,Guatemala,CentralA,7.67,8,7.67,8,7.5,7.83,10,10,10,7.83,84.5
170,Brazil,SouthA,7.81,7.81,7.88,7.75,7.38,8.25,9.5,10,10,8.13,84.5
171,Brazil,SouthA,8.17,7.67,7.75,7.75,7.67,7.75,10,10,10,7.75,84.5
172,Costa Rica,CentralA,7.58,7.83,7.83,8,7.67,7.58,10,10,10,7.92,84.42
173,Indonesia,Asia,7.67,7.67,7.83,7.58,7.83,7.83,10,10,10,8,84.42
174,Colombia,SouthA,7.92,7.83,7.75,7.67,7.92,7.67,10,10,10,7.67,84.42
175,Colombia,SouthA,7.92,7.75,7.67,7.92,7.67,7.75,10,10,10,7.75,84.42
176,Taiwan,Asia,7.83,7.83,7.75,8,7.5,7.75,10,10,10,7.75,84.42
177,United States (Hawaii),Pacific,7.92,7.92,7.5,7.83,7.5,7.92,10,10,10,7.83,84.42
178,Mexico,CentralA,7.75,7.92,7.75,7.67,7.83,7.67,10,10,10,7.83,84.42
179,Ethiopia,Africa,7.5,7.75,7.83,7.92,7.92,7.75,10,10,10,7.75,84.42
180,Kenya,Africa,7.33,7.58,7.83,7.75,7.75,7.92,10,10,10,8.17,84.33
181,Honduras,CentralA,7.92,8,7.75,7.67,7.67,7.75,10,10,10,7.58,84.33
182,Colombia,SouthA,7.58,7.75,7.5,7.83,7.67,8.5,10,10,10,7.5,84.33
183,Honduras,CentralA,7.58,7.92,7.58,7.75,7.92,7.75,10,10,10,7.83,84.33
184,Colombia,SouthA,7.67,7.67,7.75,7.83,7.75,7.83,10,10,10,7.83,84.33
185,Colombia,SouthA,7.75,7.67,8,7.67,8.08,7.83,10,10,10,7.33,84.33
186,Colombia,SouthA,7.75,7.58,7.33,7.83,7.58,8.08,10,10,10,8.17,84.33
187,Mexico,CentralA,8,7.75,7.75,7.83,7.5,7.67,10,10,10,7.83,84.33
188,Brazil,SouthA,8.17,8,7.5,7.75,7.5,7.67,10,10,10,7.75,84.33
189,Brazil,SouthA,8,8,7.5,7.5,7.67,7.75,10,10,10,7.92,84.33
190,Ethiopia,Africa,7.75,7.75,7.92,7.75,7.5,7.92,10,10,10,7.75,84.33
191,Guatemala,CentralA,7.5,7.67,7.75,7.67,7.92,7.92,10,10,10,7.92,84.33
192,Taiwan,Asia,7.92,7.75,7.75,7.67,7.67,7.83,10,10,10,7.67,84.25
193,Thailand,Asia,7.83,7.75,7.75,7.42,7.83,7.67,10,10,10,8,84.25
194,Colombia,SouthA,7.83,7.58,7.75,7.58,7.67,8,10,10,10,7.83,84.25
195,Guatemala,CentralA,7.75,7.75,7.58,7.92,7.75,7.75,10,10,10,7.75,84.25
196,Guatemala,CentralA,7.75,7.92,7.5,8.08,7.58,7.67,10,10,10,7.75,84.25
197,China,Asia,7.83,7.83,7.58,7.75,7.75,7.75,10,10,10,7.75,84.25
198,Colombia,SouthA,7.67,7.67,7.75,7.75,7.67,7.92,10,10,10,7.83,84.25
199,Colombia,SouthA,7.83,7.67,7.75,7.58,7.92,7.75,10,10,10,7.75,84.25
200,Colombia,SouthA,7.83,7.75,7.83,7.58,7.67,7.75,10,10,10,7.83,84.25
201,Colombia,SouthA,7.42,7.67,7.83,7.75,7.92,7.83,10,10,10,7.83,84.25
202,"Tanzania, United Republic Of",Africa,7.83,7.67,7.75,7.83,7.67,7.67,10,10,10,7.83,84.25
203,"Tanzania, United Republic Of",Africa,7.83,7.75,7.75,7.75,7.67,7.75,10,10,10,7.75,84.25
204,Guatemala,CentralA,7.83,7.83,7.5,7.92,7.58,7.75,10,10,10,7.83,84.25
205,Colombia,SouthA,7.58,7.5,7.75,7.83,7.92,7.83,10,10,10,7.83,84.25
206,United States (Hawaii),Pacific,7.33,7.92,7.92,7.92,7.92,8.08,10,10,9.33,7.83,84.25
207,Mexico,CentralA,7.83,7.92,7.67,7.83,7.5,7.75,10,10,10,7.75,84.25
208,Mexico,CentralA,7.83,7.83,7.75,7.67,7.83,7.58,10,10,10,7.75,84.25
209,Mexico,CentralA,7.83,7.92,7.67,7.75,7.5,7.75,10,10,10,7.83,84.25
210,Uganda,Africa,8.17,7.75,7.58,7.67,7.83,7.58,10,10,10,7.67,84.25
211,Guatemala,CentralA,7.75,7.83,7.58,7.83,7.67,7.75,10,10,10,7.75,84.17
212,Colombia,SouthA,7.83,7.75,7.58,7.67,7.75,7.83,10,10,10,7.75,84.17
213,Costa Rica,CentralA,7.92,7.75,7.67,7.67,7.5,7.67,10,10,10,8,84.17
214,Guatemala,CentralA,7.75,7.75,7.58,8,7.67,7.83,10,10,10,7.58,84.17
215,Guatemala,CentralA,7.75,7.92,7.58,7.92,7.67,7.67,10,10,10,7.67,84.17
216,Guatemala,CentralA,7.58,7.83,7.58,7.83,7.83,7.67,10,10,10,7.83,84.17
217,Colombia,SouthA,8,7.5,7.5,7.67,8,7.83,10,10,10,7.67,84.17
218,Nicaragua,CentralA,7.67,7.83,7.83,7.5,7.67,7.83,10,10,10,7.83,84.17
219,Brazil,SouthA,7.67,7.75,7.75,7.67,7.83,7.75,10,10,10,7.75,84.17
220,Costa Rica,CentralA,7.67,7.75,7.67,7.75,7.5,8,10,10,10,7.83,84.17
221,Ethiopia,Africa,7.5,7.92,7.58,7.83,7.75,7.83,10,10,10,7.75,84.17
222,"Tanzania, United Republic Of",Africa,7.92,7.75,7.75,7.75,7.75,7.58,10,10,10,7.67,84.17
223,Colombia,SouthA,7.67,7.5,7.67,7.42,7.83,8.58,10,10,10,7.5,84.17
224,Guatemala,CentralA,7.67,7.75,7.67,7.75,7.75,7.75,10,10,10,7.83,84.17
225,Kenya,Africa,7.58,7.75,7.75,7.75,7.75,7.83,10,10,10,7.75,84.17
226,Brazil,SouthA,7.58,7.83,7.75,7.67,7.67,8,10,10,10,7.67,84.17
227,Guatemala,CentralA,7.92,7.75,7.67,7.67,7.83,7.92,10,10,10,7.42,84.17
228,El Salvador,CentralA,8.42,8.08,7.5,7.17,7.58,8.17,9.33,10,10,7.92,84.17
229,Colombia,SouthA,7.75,7.75,7.75,7.75,7.83,7.75,10,10,10,7.58,84.17
230,Guatemala,CentralA,7.83,7.5,7.5,8,7.83,7.83,10,10,10,7.67,84.17
231,Uganda,Africa,7.83,7.75,7.5,7.83,7.83,7.75,10,10,10,7.67,84.17
232,Indonesia,Asia,7.81,7.88,7.56,7.75,7.63,7.75,10,10,10,7.75,84.13
233,Colombia,SouthA,7.83,7.5,7.42,7.5,7.83,8.5,10,10,10,7.5,84.08
234,Taiwan,Asia,7.58,7.67,7.67,7.67,7.75,7.83,10,10,10,7.92,84.08
235,Guatemala,CentralA,8,7.75,7.5,7.58,7.92,7.67,10,10,10,7.67,84.08
236,Colombia,SouthA,7.92,7.75,7.67,7.75,7.67,7.67,10,10,10,7.67,84.08
237,Guatemala,CentralA,7.58,7.75,7.67,8,7.75,7.67,10,10,10,7.67,84.08
238,United States (Hawaii),Pacific,7.83,7.75,7.83,7.83,7.42,8.08,9.33,10,10,8,84.08
239,Mexico,CentralA,7.67,7.75,7.67,7.75,7.67,7.75,10,10,10,7.83,84.08
240,Ethiopia,Africa,7.92,7.92,7.83,8,7.92,7.92,10,10,8.67,7.92,84.08
241,Costa Rica,CentralA,7.58,7.75,7.67,7.75,7.83,7.75,10,10,10,7.67,84
242,Ethiopia,Africa,7.83,7.75,7.67,7.75,7.33,7.75,10,10,10,7.92,84
243,Honduras,CentralA,7.42,7.83,7.75,7.92,7.75,7.58,10,10,10,7.75,84
244,Guatemala,CentralA,7.67,7.83,7.58,7.92,7.75,7.67,10,10,10,7.58,84
245,Colombia,SouthA,7.67,7.67,7.83,7.58,7.58,7.83,10,10,10,7.83,84
246,Guatemala,CentralA,7.92,7.67,7.42,7.92,7.75,7.83,10,10,10,7.5,84
247,Guatemala,CentralA,7.75,7.83,7.5,7.83,7.58,7.67,10,10,10,7.83,84
248,Colombia,SouthA,7.67,7.75,7.67,7.67,7.67,7.75,10,10,10,7.83,84
249,Colombia,SouthA,7.58,7.42,7.75,7.92,7.75,7.92,10,10,10,7.67,84
250,Colombia,SouthA,7.67,7.67,7.5,7.5,7.67,7.67,10,10,10,8.33,84
251,Ethiopia,Africa,7.75,7.75,7.5,7.58,7.67,7.92,10,10,10,7.83,84
252,Brazil,SouthA,7.58,7.83,7.67,7.25,8,7.75,10,10,10,7.92,84
253,Colombia,SouthA,7.67,7.83,7.67,7.75,7.67,7.75,10,10,10,7.67,84
254,Kenya,Africa,7.67,7.83,7.5,7.75,7.92,7.67,10,10,10,7.67,84
255,Thailand,Asia,7.92,8.17,8.17,8.42,8.08,8.17,8.67,8.67,9.33,8.42,84
256,Kenya,Africa,7.67,7.75,7.67,7.75,7.83,7.67,10,10,10,7.67,84
257,Uganda,Africa,7.92,7.75,7.58,7.67,7.67,7.83,10,10,10,7.58,84
258,Thailand,Asia,7.58,7.75,7.58,7.75,7.58,7.75,10,10,10,8,84
259,Brazil,SouthA,7.5,7.75,7.58,7.5,7.58,7.5,10,10,10,8.5,83.92
260,Mexico,CentralA,7.83,7.83,7.58,7.92,7.42,7.5,10,10,10,7.83,83.92
261,Thailand,Asia,7.67,7.75,7.5,7.67,7.67,7.83,10,10,10,7.83,83.92
262,Brazil,SouthA,7.58,7.67,7.67,7.75,7.58,7.83,10,10,10,7.83,83.92
263,Taiwan,Asia,7.83,7.75,7.83,7.75,7.83,7.75,9.33,10,10,7.83,83.92
264,Colombia,SouthA,7.75,7.67,7.5,7.75,7.83,7.75,10,10,10,7.67,83.92
265,Colombia,SouthA,7.75,7.58,7.5,7.83,7.75,7.92,10,10,10,7.58,83.92
266,Taiwan,Asia,7.75,7.75,7.58,7.75,7.75,7.67,10,10,10,7.67,83.92
267,Colombia,SouthA,7.92,7.67,7.5,7.83,7.58,7.67,10,10,10,7.75,83.92
268,Colombia,SouthA,7.83,7.75,7.58,7.58,7.75,7.75,10,10,10,7.67,83.92
269,Colombia,SouthA,7.75,7.58,7.67,7.83,7.83,7.67,10,10,10,7.58,83.92
270,Taiwan,Asia,8,7.92,7.92,7.92,7.67,7.33,10,10,10,7.17,83.92
271,Colombia,SouthA,7.67,7.83,7.67,7.75,7.67,7.83,10,10,10,7.5,83.92
272,Mexico,CentralA,7.67,7.75,7.58,7.67,7.75,7.83,10,10,10,7.67,83.92
273,Mexico,CentralA,7.5,7.67,7.58,7.83,7.75,7.75,10,10,10,7.83,83.92
274,Mexico,CentralA,7.75,7.92,7.83,7.92,7.75,7.67,9.33,10,10,7.75,83.92
275,Colombia,SouthA,7.92,7.58,7.5,7.83,7.58,7.67,10,10,10,7.75,83.83
276,Colombia,SouthA,7.83,7.67,7.5,7.75,7.75,7.75,10,10,10,7.58,83.83
277,Costa Rica,CentralA,7.67,7.67,7.75,7.67,7.5,7.75,10,10,10,7.83,83.83
278,Guatemala,CentralA,7.75,7.75,7.5,7.75,7.83,7.58,10,10,10,7.67,83.83
279,Taiwan,Asia,7.75,7.67,7.5,7.75,7.75,7.67,10,10,10,7.75,83.83
280,Brazil,SouthA,7.25,7.58,7.42,8,7.75,7.83,10,10,10,8,83.83
281,Taiwan,Asia,7.67,7.75,7.67,7.75,7.42,7.75,10,10,10,7.83,83.83
282,Ethiopia,Africa,7.75,7.75,7.67,7.67,7.58,7.67,10,10,10,7.75,83.83
283,Brazil,SouthA,7.67,7.67,7.58,7.5,7.83,8.17,10,10,9.33,8.08,83.83
284,Costa Rica,CentralA,7.83,7.42,7.5,7.83,7.75,7.83,10,10,10,7.67,83.83
285,Guatemala,CentralA,7.58,7.83,7.33,8,7.58,7.75,10,10,10,7.75,83.83
286,Brazil,SouthA,7.92,7.5,7.33,7.67,8.17,7.5,10,10,10,7.75,83.83
287,Ecuador,SouthA,7.5,7.67,7.58,7.75,7.83,7.83,10,10,10,7.67,83.83
288,Colombia,SouthA,7.67,7.58,7.58,7.83,7.58,7.67,10,10,10,7.92,83.83
289,Guatemala,CentralA,7.5,7.83,7.5,7.83,7.83,7.67,10,10,10,7.67,83.83
290,Mexico,CentralA,7.67,8,7.67,7.42,7.67,7.5,10,10,10,7.92,83.83
291,Mexico,CentralA,7.67,7.58,7.5,7.75,7.75,7.75,10,10,10,7.83,83.83
292,Brazil,SouthA,7.83,7.83,7.58,7.67,7.5,7.58,10,10,10,7.83,83.83
293,Thailand,Asia,7.75,7.75,7.58,8,7.67,7.58,10,10,10,7.5,83.83
294,Thailand,Asia,7.5,7.83,7.58,7.58,7.75,7.83,10,10,10,7.75,83.83
295,Ethiopia,Africa,7.58,7.83,7.58,8,7.83,7.5,10,10,10,7.5,83.83
296,Kenya,Africa,7.75,7.58,7.5,7.58,7.75,7.75,10,10,10,7.83,83.75
297,Brazil,SouthA,7.67,7.67,7.58,7.75,7.67,7.67,10,10,10,7.75,83.75
298,Colombia,SouthA,7.83,7.83,7.58,7.58,7.58,7.58,10,10,10,7.75,83.75
299,Taiwan,Asia,7.67,7.67,7.58,7.58,7.67,7.83,10,10,10,7.75,83.75
300,Colombia,SouthA,7.92,7.75,7.5,7.67,7.75,7.5,10,10,10,7.67,83.75
301,China,Asia,7.83,7.75,7.67,7.5,7.58,7.67,10,10,10,7.75,83.75
302,Colombia,SouthA,7.75,7.67,7.5,7.67,7.58,7.83,10,10,10,7.75,83.75
303,Uganda,Africa,8,7.92,7.58,7.75,7.33,7.5,10,10,10,7.67,83.75
304,United States (Puerto Rico),CentralA,7.83,7.83,7.83,7.67,8,8.17,9.33,9.33,10,7.75,83.75
305,Colombia,SouthA,7.67,7.67,7.67,7.92,7.5,7.67,10,10,10,7.67,83.75
306,Colombia,SouthA,7.67,7.42,7.42,7.42,8,8.33,10,10,10,7.5,83.75
307,Colombia,SouthA,7.58,7.67,7.75,7.67,7.67,7.67,10,10,10,7.75,83.75
308,Colombia,SouthA,7.75,7.67,7.75,7.58,7.42,8,10,10,10,7.58,83.75
309,United States (Hawaii),Pacific,7.25,7.42,7.67,7.58,7.83,8.25,10,10,10,7.75,83.75
310,Mexico,CentralA,7.83,7.58,7.58,7.5,7.75,7.67,10,10,10,7.83,83.75
311,Guatemala,CentralA,7.67,7.58,7.58,7.67,7.75,7.75,10,10,10,7.75,83.75
312,Colombia,SouthA,7.83,7.83,7.58,7.33,7.42,7.67,10,10,10,8.08,83.75
313,Colombia,SouthA,7.75,7.67,7.25,7.25,7.58,8.5,10,10,10,7.75,83.75
314,United States (Hawaii),Pacific,7.83,7.67,7.75,7.67,7.58,7.5,10,10,10,7.75,83.75
315,Brazil,SouthA,7.67,7.83,7.5,7.67,7.67,7.5,10,10,10,7.83,83.67
316,Kenya,Africa,8.08,7.67,7.67,7.58,7.25,7.67,10,10,10,7.75,83.67
317,Honduras,CentralA,7.5,7.5,7.67,7.67,8,8,10,10,10,7.33,83.67
318,Nicaragua,CentralA,7.67,7.75,7.67,7.67,7.83,7.58,10,10,10,7.5,83.67
319,Brazil,SouthA,7.58,7.75,7.58,7.75,7.58,7.58,10,10,10,7.83,83.67
320,Taiwan,Asia,7.5,7.67,7.33,7.92,7.83,7.67,10,10,10,7.75,83.67
321,Costa Rica,CentralA,7.33,7.67,7.67,7.5,7.67,7.5,10,10,10,8.33,83.67
322,Thailand,Asia,7.5,7.75,7.58,7.83,7.67,7.58,10,10,10,7.75,83.67
323,Colombia,SouthA,7.5,7.75,7.5,7.75,7.67,7.67,10,10,10,7.83,83.67
324,Guatemala,CentralA,8,7.5,7.33,8,8,8,9.33,10,10,7.5,83.67
325,Colombia,SouthA,7.83,7.75,7.67,7.58,7.58,7.67,10,10,10,7.58,83.67
326,Colombia,SouthA,7.67,7.67,7.67,7.67,7.33,7.75,10,10,10,7.92,83.67
327,Guatemala,CentralA,7.67,7.67,7.42,7.67,8,7.75,10,10,10,7.5,83.67
328,Guatemala,CentralA,7.83,7.67,7.33,7.67,7.67,7.83,10,10,10,7.67,83.67
329,Colombia,SouthA,7.75,7.75,7.58,7.83,7.17,7.75,10,10,10,7.83,83.67
330,Guatemala,CentralA,8.17,8.17,7.83,7.67,8.08,7.75,9.33,9.33,9.33,8,83.67
331,Guatemala,CentralA,7.67,8.17,7.5,7.42,7.58,7.83,10,10,10,7.5,83.67
332,Mexico,CentralA,7.67,7.5,7.5,7.33,7.83,8.25,10,10,10,7.58,83.67
333,Indonesia,Asia,8.17,7.67,7.58,7.58,7.42,7.67,10,10,10,7.58,83.67
334,Guatemala,CentralA,7.67,7.5,7.33,8,7.67,7.67,10,10,10,7.83,83.67
335,United States (Hawaii),Pacific,7.75,8,7.92,8.08,7.75,8,9.33,9.33,9.33,8.17,83.67
336,Brazil,SouthA,7.58,7.67,7.58,7.58,7.67,7.58,10,10,10,7.92,83.58
337,Guatemala,CentralA,7.75,7.75,7.5,7.83,7.58,7.58,10,10,10,7.58,83.58
338,Colombia,SouthA,7.75,7.75,7.58,7.58,7.67,7.58,10,10,10,7.67,83.58
339,China,Asia,7.67,7.58,7.58,7.58,7.67,7.75,10,10,10,7.75,83.58
340,Colombia,SouthA,7.67,7.75,7.58,7.67,7.75,7.58,10,10,10,7.58,83.58
341,Mexico,CentralA,7.75,7.75,7.58,7.58,7.5,7.67,10,10,10,7.75,83.58
342,Ethiopia,Africa,7.75,7.67,7.58,7.67,7.5,7.67,10,10,10,7.75,83.58
343,Uganda,Africa,7.67,7.67,7.42,7.75,7.75,7.67,10,10,10,7.67,83.58
344,Colombia,SouthA,7.67,7.58,7.67,7.67,7.67,7.67,10,10,10,7.67,83.58
345,Colombia,SouthA,7.67,7.58,7.67,7.58,7.67,7.75,10,10,10,7.67,83.58
346,Colombia,SouthA,7.75,7.58,7.5,7.58,7.75,7.83,10,10,10,7.58,83.58
347,Taiwan,Asia,7.75,7.75,7.75,7.75,7.5,7.58,10,10,10,7.5,83.58
348,Colombia,SouthA,7.67,7.67,7.58,7.67,7.75,7.58,10,10,10,7.67,83.58
349,Mexico,CentralA,7.83,7.67,7.58,7.58,7.67,7.58,10,10,10,7.67,83.58
350,Colombia,SouthA,7.67,7.58,7.58,7.58,7.67,7.75,10,10,10,7.75,83.58
351,Brazil,SouthA,7.83,7.75,7.5,7.75,7.5,7.58,10,10,10,7.67,83.58
352,Colombia,SouthA,7.75,7.58,7.58,7.75,7.75,7.5,10,10,10,7.58,83.5
353,Taiwan,Asia,7.58,7.58,7.17,7.17,7,7,10,10,10,10,83.5
354,Costa Rica,CentralA,7.92,7.42,7.5,7.67,7.5,7.67,10,10,10,7.83,83.5
355,Colombia,SouthA,7.75,7.58,7.58,7.5,7.75,7.75,10,10,10,7.58,83.5
356,Guatemala,CentralA,7.67,7.75,7.5,7.83,7.58,7.58,10,10,10,7.58,83.5
357,Colombia,SouthA,7.58,7.58,7.58,7.58,7.75,7.67,10,10,10,7.75,83.5
358,"Tanzania, United Republic Of",Africa,7.75,7.67,7.58,7.67,7.67,7.58,10,10,10,7.58,83.5
359,Indonesia,Asia,7.25,7.67,7.58,7.92,7.83,7.58,10,10,10,7.67,83.5
360,Ethiopia,Africa,7.67,7.75,7.5,7.58,7.75,7.67,10,10,10,7.58,83.5
361,Colombia,SouthA,7.67,7.42,7.67,7.83,7.58,7.67,10,10,10,7.67,83.5
362,Colombia,SouthA,8,7.58,7.25,7.58,7.92,7.58,10,10,10,7.58,83.5
363,Guatemala,CentralA,7.58,7.75,7.5,7.83,7.42,7.67,10,10,10,7.75,83.5
364,Colombia,SouthA,7.75,7.58,7.33,7.5,7.83,7.83,10,10,10,7.67,83.5
365,Honduras,CentralA,7.67,7.5,7.67,7.5,7.67,7.67,10,10,10,7.83,83.5
366,Colombia,SouthA,7.58,7.75,7.42,7.67,7.75,7.67,10,10,10,7.67,83.5
367,Colombia,SouthA,7.58,7.67,7.58,7.75,7.58,7.75,10,10,10,7.58,83.5
368,Mexico,CentralA,7.83,7.58,7.25,7.5,7.5,7.42,10,10,10,8.42,83.5
369,Mexico,CentralA,7.67,7.75,7.67,7.75,7.58,7.5,10,10,10,7.58,83.5
370,Mexico,CentralA,7.75,7.67,7.67,7.75,7.33,7.5,10,10,10,7.83,83.5
371,Guatemala,CentralA,7.83,7.5,7.5,8,7.67,7.5,10,10,10,7.5,83.5
372,Colombia,SouthA,7.67,7.58,7.58,7.67,7.67,7.67,10,10,10,7.67,83.5
373,Guatemala,CentralA,7.5,7.5,7.75,7.5,8,7.67,10,10,10,7.58,83.5
374,United States (Hawaii),Pacific,7.5,7.67,7.58,7.92,7.58,7.67,10,10,10,7.58,83.5
375,Indonesia,Asia,7.83,7.58,7.58,7.58,7.75,7.58,10,10,10,7.58,83.5
376,Colombia,SouthA,7.5,7.58,7.58,7.5,7.75,7.83,10,10,10,7.67,83.42
377,Guatemala,CentralA,7.67,7.75,7.5,7.58,7.58,7.67,10,10,10,7.67,83.42
378,Colombia,SouthA,7.67,7.67,7.5,7.67,7.67,7.58,10,10,10,7.67,83.42
379,Costa Rica,CentralA,7.58,7.5,7.42,7.92,7.5,7.67,10,10,10,7.83,83.42
380,Taiwan,Asia,7.67,7.67,7,7.08,7,7,10,10,10,10,83.42
381,Uganda,Africa,7.58,7.75,7.33,7.75,7.67,7.58,10,10,10,7.75,83.42
382,Thailand,Asia,7.5,7.58,7.75,7.5,7.75,7.67,10,10,10,7.67,83.42
383,El Salvador,CentralA,7.58,7.5,7.75,7.58,7.75,7.67,10,10,10,7.58,83.42
384,Colombia,SouthA,7.58,7.67,7.58,7.67,7.58,7.67,10,10,10,7.67,83.42
385,Brazil,SouthA,7.33,7.83,7.75,7.5,7.42,7.83,10,10,10,7.75,83.42
386,"Tanzania, United Republic Of",Africa,7.75,7.67,7.58,7.67,7.58,7.58,10,10,10,7.58,83.42
387,Colombia,SouthA,7.58,7.58,7.25,7.75,7.75,8.58,9.33,10,10,7.58,83.42
388,Guatemala,CentralA,7.75,7.83,7.33,7.83,7.5,7.67,10,10,10,7.5,83.42
389,Guatemala,CentralA,7.67,7.75,7.5,7.83,7.58,7.5,10,10,10,7.58,83.42
390,Guatemala,CentralA,7.67,7.5,7.75,7.42,7.75,7.75,10,10,10,7.58,83.42
391,United States (Hawaii),Pacific,7.42,7.75,7.67,7.58,7.67,7.67,10,10,10,7.67,83.42
392,Colombia,SouthA,7.5,7.75,7.58,7.5,7.67,7.75,10,10,10,7.67,83.42
393,Colombia,SouthA,7.58,7.58,7.58,7.67,7.75,7.67,10,10,10,7.58,83.42
394,United States (Hawaii),Pacific,7.5,7.92,7.42,7.67,7.83,7.58,10,10,10,7.5,83.42
395,Thailand,Asia,7.58,7.25,7.5,7.92,7.92,7.42,10,10,10,7.83,83.42
396,Mexico,CentralA,7.25,7.88,7.38,7.63,7.5,8.75,9,10,10,8,83.38
397,Colombia,SouthA,7.75,7.5,7.75,7.58,7.58,7.58,10,10,10,7.58,83.33
398,Colombia,SouthA,7.67,7.58,7.58,7.42,7.67,7.75,10,10,10,7.67,83.33
399,Colombia,SouthA,7.83,7.58,7.58,7.58,7.5,7.58,10,10,10,7.67,83.33
400,Brazil,SouthA,7.5,7.83,7.33,7.58,7.58,7.92,10,10,10,7.58,83.33
401,Mexico,CentralA,7.75,7.75,7.5,7.67,7.5,7.58,10,10,10,7.58,83.33
402,Colombia,SouthA,7.67,7.75,7.42,7.83,7.83,7.42,10,10,10,7.42,83.33
403,"Tanzania, United Republic Of",Africa,7.75,7.58,7.67,7.58,7.58,7.58,10,10,10,7.58,83.33
404,Mexico,CentralA,7.67,7.67,7.58,7.67,7.5,7.58,10,10,10,7.67,83.33
405,Costa Rica,CentralA,7.67,7.67,7.42,7.67,7.67,7.67,10,10,10,7.58,83.33
406,United States (Hawaii),Pacific,7.83,7.58,7.83,7.67,7.92,8,9.33,10,9.33,7.83,83.33
407,Costa Rica,CentralA,7.5,7.67,7.67,7.5,7.83,7.17,10,10,10,8,83.33
408,Peru,SouthA,7.83,7.75,7.58,7.83,7.92,7.58,9.33,10,10,7.5,83.33
409,Haiti,CentralA,7.58,7.5,7.67,7.5,7.83,7.42,10,10,10,7.83,83.33
410,Colombia,SouthA,7.67,7.67,7.5,7.67,7.92,7.42,10,10,10,7.5,83.33
411,Guatemala,CentralA,7.83,7.67,7.17,7.67,7.67,7.67,10,10,10,7.67,83.33
412,United States (Hawaii),Pacific,7.92,7.5,7.58,7.83,7.67,7.67,9.33,10,10,7.83,83.33
413,Burundi,Africa,7.75,7.67,7.33,7.5,7.5,7.75,10,10,10,7.83,83.33
414,Colombia,SouthA,7.5,7.67,7.67,7.58,7.67,7.58,10,10,10,7.67,83.33
415,United States (Hawaii),Pacific,8.08,7.83,7.83,7.75,7.67,7.58,9.33,10,9.33,7.92,83.33
416,United States (Hawaii),Pacific,7.58,7.67,7.58,7.5,7.83,7.67,10,10,10,7.5,83.33
417,Mexico,CentralA,7.67,7.83,7.42,7.83,7.33,7.5,10,10,10,7.67,83.25
418,Costa Rica,CentralA,7.5,7.5,7.83,7.5,7.67,7.67,10,10,10,7.58,83.25
419,Costa Rica,CentralA,7.83,7.5,7.42,7.67,7.5,7.67,10,10,10,7.67,83.25
420,Guatemala,CentralA,7.5,7.58,7.42,7.83,7.67,7.58,10,10,10,7.67,83.25
421,Uganda,Africa,7.5,7.67,7.67,7.42,7.67,7.67,10,10,10,7.67,83.25
422,Brazil,SouthA,7.58,7.67,7.42,7.5,7.67,7.42,10,10,10,8,83.25
423,Colombia,SouthA,7.58,7.67,7.67,7.17,7.75,7.83,10,10,10,7.58,83.25
424,Mexico,CentralA,7.83,7.75,7.5,7.58,7.58,7.58,10,10,10,7.42,83.25
425,Taiwan,Asia,7.67,7.5,7.5,7.5,7.67,7.83,10,10,10,7.58,83.25
426,Taiwan,Asia,7.92,7.83,7.75,7.58,7.5,7.33,10,10,10,7.33,83.25
427,Colombia,SouthA,7.58,7.58,7.5,7.58,7.58,7.75,10,10,10,7.67,83.25
428,Guatemala,CentralA,7.5,7.67,7.58,7.67,7.67,7.5,10,10,10,7.67,83.25
429,Colombia,SouthA,7.83,7.5,7.67,7.33,7.67,7.67,10,10,10,7.58,83.25
430,Mexico,CentralA,7.58,7.75,7.5,7.5,7.58,7.58,10,10,10,7.75,83.25
431,United States (Hawaii),Pacific,7.58,7.75,7.83,8,8.08,7.67,9.33,10,9.33,7.67,83.25
432,Mexico,CentralA,7.75,7.58,7.58,7.58,7.5,7.58,10,10,10,7.67,83.25
433,Mexico,CentralA,7.75,7.75,7.42,7.92,7.33,7.5,10,10,10,7.58,83.25
434,Guatemala,CentralA,7.83,7.58,7.08,7.83,7.42,8.08,10,10,10,7.42,83.25
435,Brazil,SouthA,7.75,7.67,7.5,7.58,7.58,7.58,10,10,10,7.58,83.25
436,Colombia,SouthA,7.67,7.58,7.58,7.42,7.83,7.58,10,10,10,7.58,83.25
437,Colombia,SouthA,7.67,7.67,7.5,7.5,7.58,7.67,10,10,10,7.67,83.25
438,Colombia,SouthA,7.92,7.75,7.25,7.42,7.83,7.58,10,10,10,7.5,83.25
439,Colombia,SouthA,8,7.67,7.67,7.25,7.67,7.5,10,10,10,7.5,83.25
440,Colombia,SouthA,7.92,7.75,7.5,7.42,7.42,7.67,10,10,10,7.58,83.25
441,Brazil,SouthA,7.67,7.42,7.5,7.58,7.67,7.58,10,10,10,7.75,83.17
442,Guatemala,CentralA,7.58,7.58,7.33,7.67,7.75,7.58,10,10,10,7.67,83.17
443,"Tanzania, United Republic Of",Africa,7.67,7.58,7.42,7.67,7.67,7.58,10,10,10,7.58,83.17
444,Peru,SouthA,7.92,7.5,7.5,7.58,7.67,7.5,10,10,10,7.5,83.17
445,Vietnam,Asia,7.58,7.42,7.08,7.33,7.58,8.58,10,10,10,7.58,83.17
446,Guatemala,CentralA,7.67,7.75,7.42,7.75,7.58,7.5,10,10,10,7.5,83.17
447,Honduras,CentralA,7.67,7.67,7.5,7.67,7.5,7.67,10,10,10,7.5,83.17
448,China,Asia,7.5,7.67,7.33,7.67,7.67,7.67,10,10,10,7.67,83.17
449,China,Asia,7.67,7.67,7.5,7.67,7.42,7.58,10,10,10,7.67,83.17
450,El Salvador,CentralA,7.5,7.5,7.33,7.67,8,7.67,10,10,10,7.5,83.17
451,Guatemala,CentralA,7.5,7.75,7.5,7.83,7.58,7.5,10,10,10,7.5,83.17
452,Guatemala,CentralA,7.92,7.67,7.42,7.75,7.5,7.5,10,10,10,7.42,83.17
453,Kenya,Africa,7.83,7.75,7.67,7.75,7.83,8.5,9.33,9.33,9.33,7.83,83.17
454,Thailand,Asia,7.67,7.58,7.58,7.75,7.42,7.67,10,10,10,7.5,83.17
455,"Tanzania, United Republic Of",Africa,7.58,7.67,7.67,7.58,7.42,7.58,10,10,10,7.67,83.17
456,Colombia,SouthA,7.58,7.5,7.5,7.67,7.5,7.67,10,10,10,7.75,83.17
457,Uganda,Africa,8,7.67,7.5,7.42,7.33,7.58,10,10,10,7.67,83.17
458,Colombia,SouthA,7.58,7.75,7.5,7.58,7.58,7.58,10,10,10,7.58,83.17
459,Honduras,CentralA,7.5,7.5,7.5,7.67,7.67,7.67,10,10,10,7.67,83.17
460,Honduras,CentralA,7.67,7.67,7.5,7.67,7.5,7.67,10,10,10,7.5,83.17
461,Guatemala,CentralA,7.33,7.83,7.17,8.17,7.33,7.67,10,10,10,7.67,83.17
462,United States (Hawaii),Pacific,7.5,7.5,7.58,7.42,7.92,7.67,10,10,10,7.58,83.17
463,"Tanzania, United Republic Of",Africa,7.58,7.5,7.58,7.75,7.58,7.58,10,10,10,7.58,83.17
464,Guatemala,CentralA,7.67,7.83,7.33,7.67,7.5,7.67,10,10,10,7.5,83.17
465,Mexico,CentralA,7.75,7.58,7.58,7.58,7.5,7.42,10,10,10,7.75,83.17
466,Mexico,CentralA,7.75,7.67,7.58,7.5,7.42,7.58,10,10,10,7.67,83.17
467,Mexico,CentralA,7.58,7.75,7.42,7.67,7.5,7.58,10,10,10,7.67,83.17
468,Colombia,SouthA,7.67,7.5,7.5,7.5,7.58,8.17,10,10,10,7.25,83.17
469,Mexico,CentralA,7.75,7.5,7.42,7.75,7.58,7.58,10,10,10,7.58,83.17
470,Colombia,SouthA,7.58,7.67,7.5,7.58,7.67,7.67,10,10,10,7.5,83.17
471,Mexico,CentralA,7.5,7.75,7.58,7.58,7.67,7.5,10,10,10,7.58,83.17
472,Brazil,SouthA,7.75,7.67,7.58,7.5,7.58,7.58,10,10,10,7.5,83.17
473,Brazil,SouthA,7.92,7.58,7.5,7.58,7.42,7.5,10,10,10,7.67,83.17
474,Guatemala,CentralA,7.75,7.5,7.67,7.5,7.92,8,10,10,9.33,7.5,83.17
475,Brazil,SouthA,7.75,7.5,7.58,7.5,7.75,7.5,10,10,10,7.58,83.17
476,Brazil,SouthA,7.58,7.75,7.67,7.5,7.67,7.58,10,10,10,7.42,83.17
477,El Salvador,CentralA,7.42,7.83,8.17,8.08,7.17,7.58,10,9.33,10,7.58,83.17
478,Ethiopia,Africa,7.75,8,7.67,8.08,7.83,7.92,9.33,9.33,9.33,7.92,83.17
479,Colombia,SouthA,7.58,7.67,7.33,7.67,7.75,7.58,10,10,10,7.5,83.08
480,Colombia,SouthA,7.75,7.5,7.5,7.42,8,7.75,10,10,10,7.17,83.08
481,Brazil,SouthA,7.58,7.58,7.58,7.5,7.67,7.58,10,10,10,7.58,83.08
482,Brazil,SouthA,7.33,7.67,7.67,7.33,7.75,7.42,10,10,10,7.92,83.08
483,Taiwan,Asia,7.83,7.92,7.5,7.83,7.67,7.25,9.33,10,10,7.75,83.08
484,Brazil,SouthA,7.42,7.67,7.58,7.5,7.75,7.67,10,10,10,7.5,83.08
485,Brazil,SouthA,7.58,7.83,7.67,7.42,7.42,7.5,10,10,10,7.67,83.08
486,Costa Rica,CentralA,7.83,7.33,7.5,7.67,7.58,7.67,10,10,10,7.5,83.08
487,United States (Hawaii),Pacific,7.33,7.75,7.58,7.33,7.83,7.67,10,10,10,7.58,83.08
488,Taiwan,Asia,7.75,7.75,7.5,7.5,7.5,7.5,10,10,10,7.58,83.08
489,United States (Hawaii),Pacific,7.83,7.83,7.33,7.17,7.75,7.67,10,10,10,7.5,83.08
490,Mexico,CentralA,7.75,7.67,7.42,7.75,7.5,7.5,10,10,10,7.5,83.08
491,United States (Hawaii),Pacific,7.67,7.58,7.5,7.67,7.92,8,9.33,9.33,10,8.08,83.08
492,United States (Hawaii),Pacific,7.33,7.58,7.58,7.92,7.67,7.58,10,10,10,7.42,83.08
493,Colombia,SouthA,7.33,7.33,7.33,7.58,7.25,8.08,10,10,10,8.17,83.08
494,Colombia,SouthA,7.83,7.75,7.33,7.25,7.42,7.92,10,10,10,7.58,83.08
495,Indonesia,Asia,7.67,7.58,7.5,7.58,7.67,7.58,10,10,10,7.5,83.08
496,Guatemala,CentralA,7.92,7.67,7.67,7.25,7.83,7.67,9.33,10,10,7.75,83.08
497,Brazil,SouthA,7.58,7.5,7.5,7.75,7.67,7.5,10,10,10,7.5,83
498,Brazil,SouthA,7.5,7.58,7.58,7.67,7.58,7.5,10,10,10,7.58,83
499,Brazil,SouthA,7.5,7.67,7.58,7.67,7.58,7.42,10,10,10,7.58,83
500,Uganda,Africa,7.67,7.58,7.42,7.42,7.83,7.5,10,10,10,7.58,83
501,Uganda,Africa,7.67,7.67,7.5,7.58,7.42,7.5,10,10,10,7.67,83
502,Colombia,SouthA,7.67,7.67,7.33,7.67,7.5,7.58,10,10,10,7.58,83
503,Vietnam,Asia,7.75,7.67,7.58,7.58,7.42,7.67,9.33,10,10,8,83
504,Guatemala,CentralA,7.67,7.75,7.33,7.92,7.42,7.5,10,10,10,7.42,83
505,Guatemala,CentralA,7.75,7.67,7.33,7.75,7.5,7.42,10,10,10,7.58,83
506,Guatemala,CentralA,7.83,7.67,7.25,7.67,7.75,7.5,10,10,10,7.33,83
507,Brazil,SouthA,7.67,7.67,7.67,7.5,7.42,7.5,10,10,10,7.58,83
508,Taiwan,Asia,7.92,7.92,7.83,7.58,7.33,7.25,10,10,10,7.17,83
509,Uganda,Africa,7.83,7.58,7.5,7.5,7.58,7.5,10,10,10,7.5,83
510,United States (Puerto Rico),CentralA,7.67,7.5,7.67,7.83,7.75,7.83,10,10,9.33,7.42,83
511,Guatemala,CentralA,7.67,7.67,7.42,7.83,7.5,7.5,10,10,10,7.42,83
512,Costa Rica,CentralA,7.67,7.58,7.5,7.58,7.5,7.5,10,10,10,7.67,83
513,Brazil,SouthA,7.75,7.58,7.42,7.67,7.42,7.67,10,10,10,7.5,83
514,Colombia,SouthA,7.75,7.42,7.33,7.5,7.58,7.17,10,10,10,8.25,83
515,Colombia,SouthA,7.83,7.5,7.58,7.33,7.5,7.67,10,10,10,7.58,83
516,Colombia,SouthA,7.33,7.67,7.75,7.42,7.75,7.58,10,10,10,7.5,83
517,Colombia,SouthA,7.58,7.75,7.42,7.67,7.58,7.42,10,10,10,7.58,83
518,Colombia,SouthA,7.5,7.5,7.42,7.58,7.75,7.58,10,10,10,7.67,83
519,Mexico,CentralA,7.67,7.58,7.42,7.5,7.67,7.58,10,10,10,7.58,83
520,Mexico,CentralA,7.67,7.83,7.5,7.58,7.58,7.67,9.33,10,10,7.83,83
521,Mexico,CentralA,7.5,7.67,7.5,7.5,7.58,7.58,10,10,10,7.67,83
522,Colombia,SouthA,7.67,7.58,7.5,7.5,7.75,7.5,10,10,10,7.5,83
523,Colombia,SouthA,7.75,7.58,7.5,7.67,7.83,7.75,9.33,10,10,7.58,83
524,Colombia,SouthA,7.67,7.58,7.58,7.58,7.67,7.42,10,10,10,7.5,83
525,Guatemala,CentralA,7.5,7.67,7.5,7.67,7.5,7.83,10,10,10,7.33,83
526,Colombia,SouthA,7.67,7.67,7.58,7.5,7.67,7.42,10,10,10,7.5,83
527,Thailand,Asia,7.33,7.67,7.58,7.5,7.75,7.67,10,10,10,7.5,83
528,Colombia,SouthA,7.33,7.67,7.58,7.33,7.58,7.92,10,10,10,7.58,83
529,United States (Hawaii),Pacific,7.83,7.83,7.67,7.83,7.92,7.83,9.33,9.33,9.33,8.08,83
530,United States (Hawaii),Pacific,7.5,7.58,7.42,7.58,7.58,7.67,10,10,10,7.67,83
531,Colombia,SouthA,7.5,7.58,7.67,7.67,7.58,7.58,10,10,10,7.42,83
532,Nicaragua,CentralA,7.58,7.83,7.75,7.92,7.92,8.08,9.33,9.33,9.33,7.92,83
533,Thailand,Asia,7.5,7.25,7.42,7.75,8.17,7.5,10,10,10,7.42,83
534,Brazil,SouthA,7.67,7.58,7.5,7.58,7.58,7.5,10,10,10,7.5,82.92
535,El Salvador,CentralA,7.5,7.5,7.75,7.58,7.92,7.83,10,10,9.33,7.5,82.92
536,Colombia,SouthA,7.58,7.67,7.5,7.33,7.67,7.58,10,10,10,7.58,82.92
537,Taiwan,Asia,7.17,7.83,7.25,7.67,7.67,7.58,10,10,10,7.75,82.92
538,Ethiopia,Africa,7.58,7.58,7.5,7.5,7.58,7.58,10,10,10,7.58,82.92
539,Taiwan,Asia,7.5,7.58,7.67,7.33,7.5,7.75,10,10,10,7.58,82.92
540,Philippines,Asia,7.58,7.58,7.67,7.58,7.5,7.5,10,10,10,7.5,82.92
541,Philippines,Asia,8.08,7.5,7.67,7.42,7.33,7.5,10,10,10,7.42,82.92
542,Mexico,CentralA,7.83,7.67,7.25,7.58,7.5,7.5,10,10,10,7.58,82.92
543,Mexico,CentralA,7.75,7.67,7.42,7.42,7.75,7.5,10,10,10,7.42,82.92
544,Brazil,SouthA,7.08,7.5,7.5,7.83,7.75,7.67,10,10,10,7.58,82.92
545,Uganda,Africa,8,7.5,7.5,7.58,7.33,7.42,10,10,10,7.58,82.92
546,Uganda,Africa,7.75,7.58,7.58,7.5,7.5,7.5,10,10,10,7.5,82.92
547,Guatemala,CentralA,7.75,7.5,7.42,7.58,7.67,7.5,10,10,10,7.5,82.92
548,Guatemala,CentralA,7.67,7.83,7.42,7.5,7.33,7.5,10,10,10,7.67,82.92
549,Guatemala,CentralA,7.58,7.58,7.25,7.58,7.58,7.58,10,10,10,7.75,82.92
550,Colombia,SouthA,7.58,7.5,7.75,7.33,7.58,7.58,10,10,10,7.58,82.92
551,Colombia,SouthA,7.75,7.5,7.25,7.5,7.75,7.5,10,10,10,7.67,82.92
552,Guatemala,CentralA,7.83,7.75,7.25,7.92,7.5,7.17,10,10,10,7.5,82.92
553,Colombia,SouthA,7.83,7.67,7.42,7.42,7.5,7.58,10,10,10,7.5,82.92
554,Mexico,CentralA,7.58,7.58,7.33,7.25,7.58,7.75,10,10,10,7.83,82.92
555,Vietnam,Asia,7.67,7.33,7.17,7.58,8.08,7.42,10,10,10,7.67,82.92
556,Mexico,CentralA,8,7.92,7.67,7.17,7.67,7.42,9.33,10,10,7.75,82.92
557,United States (Hawaii),Pacific,7.5,7.5,7.5,7.42,7.67,7.83,10,10,10,7.5,82.92
558,Colombia,SouthA,7.5,7.75,7.33,7.75,7.08,7.83,10,10,10,7.67,82.92
559,Thailand,Asia,7.42,7.58,7.5,7.17,7.5,8,10,10,10,7.75,82.92
560,Kenya,Africa,7.75,7.58,7.42,7.58,7.5,7.5,10,10,10,7.5,82.83
561,Guatemala,CentralA,7.5,7.58,7.33,7.67,7.58,7.58,10,10,10,7.58,82.83
562,Brazil,SouthA,7.67,7.58,7.58,7.5,7.5,7.42,10,10,10,7.58,82.83
563,El Salvador,CentralA,7.33,7.67,7.67,7.83,7.33,7.67,10,10,10,7.33,82.83
564,Rwanda,Africa,7.83,7.92,7.75,7.83,7.75,7.75,9.33,9.33,9.33,8,82.83
565,Vietnam,Asia,7.25,7.58,7.5,7.42,7.75,7.42,10,10,10,7.92,82.83
566,Guatemala,CentralA,7.58,7.58,7.33,7.67,7.67,7.5,10,10,10,7.5,82.83
567,Brazil,SouthA,7.58,7.83,7.33,7.67,7.42,7.33,10,10,10,7.67,82.83
568,Colombia,SouthA,7.83,7.67,7.5,7.58,7.5,7.67,10,10,10,7.08,82.83
569,United States,NorthA,7.42,7.58,7.25,7.5,7.75,7.75,10,10,10,7.58,82.83
570,Guatemala,CentralA,7.67,7.67,7.75,7.67,7.42,7.17,10,10,10,7.5,82.83
571,Colombia,SouthA,7.5,7.42,7.58,7.5,7.58,7.58,10,10,10,7.67,82.83
572,Colombia,SouthA,7.83,7.5,7.5,7.42,7.5,7.5,10,10,10,7.58,82.83
573,"Tanzania, United Republic Of",Africa,7.67,7.5,7.33,7.25,7.58,7.75,10,10,10,7.75,82.83
574,Mexico,CentralA,7.58,7.67,7.5,7.58,7.5,7.5,10,10,10,7.5,82.83
575,Mexico,CentralA,7.67,7.58,7.42,7.75,7.42,7.42,10,10,10,7.58,82.83
576,Guatemala,CentralA,7.67,7.67,7.33,7.5,7.33,7.92,10,10,10,7.42,82.83
577,Mexico,CentralA,7.58,7.58,7.5,7.42,7.67,7.58,10,10,10,7.5,82.83
578,El Salvador,CentralA,7.75,7.58,7.75,7.75,7.25,7.5,10,10,10,7.25,82.83
579,Guatemala,CentralA,7.5,7.58,7.42,7.67,7.58,7.5,10,10,10,7.5,82.75
580,Guatemala,CentralA,7.58,7.67,7.5,7.58,7.5,7.42,10,10,10,7.5,82.75
581,Guatemala,CentralA,7.5,7.67,7.17,7.67,7.67,7.58,10,10,10,7.5,82.75
582,Guatemala,CentralA,7.5,7.5,7.42,7.58,7.67,7.5,10,10,10,7.58,82.75
583,Guatemala,CentralA,7.42,7.58,7.42,7.67,7.5,7.5,10,10,10,7.67,82.75
584,Indonesia,Asia,7.5,7.58,7.42,7.58,7.58,7.5,10,10,10,7.58,82.75
585,Guatemala,CentralA,7.58,7.58,7.33,7.58,7.33,7.67,10,10,10,7.67,82.75
586,Taiwan,Asia,7.83,7.67,7.33,7.67,7.58,7.67,9.33,10,10,7.67,82.75
587,El Salvador,CentralA,7.67,7.67,7.17,7.33,7.58,7.67,10,10,10,7.67,82.75
588,Costa Rica,CentralA,7.58,7.5,7.42,7.67,7.42,7.5,10,10,10,7.67,82.75
589,Honduras,CentralA,7.58,7.5,7.42,7.58,7.5,7.5,10,10,10,7.67,82.75
590,Brazil,SouthA,7.5,7.5,7.58,7.5,7.58,7.58,10,10,10,7.5,82.75
591,China,Asia,7.67,7.5,7.33,7.33,7.67,7.67,10,10,10,7.58,82.75
592,China,Asia,7.5,7.67,7.42,7.67,7.5,7.5,10,10,10,7.5,82.75
593,Colombia,SouthA,7.5,7.58,7.58,7.75,7.33,7.5,10,10,10,7.5,82.75
594,Malawi,Africa,7.75,7.58,7.42,7.5,7.33,7.5,10,10,10,7.67,82.75
595,Guatemala,CentralA,7.75,7.42,7.25,7.75,7.5,7.67,10,10,10,7.42,82.75
596,Colombia,SouthA,7.67,7.42,7.42,7.58,7.33,7.67,10,10,10,7.67,82.75
597,United States (Hawaii),Pacific,7.67,7.58,7.42,7.83,7.33,7.5,10,10,10,7.42,82.75
598,United States (Hawaii),Pacific,7.58,7.83,7.75,7.75,7.42,8,9.33,9.33,10,7.75,82.75
599,Colombia,SouthA,7.58,7.33,7.17,7.33,7.25,8.58,10,10,10,7.5,82.75
600,Mexico,CentralA,7.58,7.58,7.5,7.5,7.5,7.5,10,10,10,7.58,82.75
601,Mexico,CentralA,7.58,7.58,7.33,7.75,7.25,7.58,10,10,10,7.67,82.75
602,Mexico,CentralA,8.08,8.17,8,8,7.83,7.92,6.67,10,10,8.08,82.75
603,Colombia,SouthA,7.5,7.58,7.42,7.67,7.5,7.58,10,10,10,7.5,82.75
604,Colombia,SouthA,7.67,7.58,7.58,7.58,7.5,7.42,10,10,10,7.42,82.75
605,United States (Hawaii),Pacific,7.25,7.75,7.5,7.83,7.67,7.67,9.33,10,10,7.75,82.75
606,Panama,CentralA,7.42,7.42,7.5,7.58,7.5,7.75,10,10,10,7.58,82.75
607,United States (Hawaii),Pacific,7.75,7.67,7.5,7.83,7.17,7.42,10,10,10,7.42,82.75
608,Brazil,SouthA,7.5,7.58,7.25,7.75,7.58,7.5,10,10,10,7.5,82.67
609,Brazil,SouthA,7.5,7.58,7.5,7.67,7.5,7.42,10,10,10,7.5,82.67
610,Laos,Asia,7.67,7.67,7.42,7.42,7.42,7.5,10,10,10,7.58,82.67
611,El Salvador,CentralA,7.67,7.67,7.67,7.67,7.5,7.67,10,10,9.33,7.5,82.67
612,Mexico,CentralA,7.5,7.67,7.42,7.75,7.42,7.17,10,10,10,7.75,82.67
613,Colombia,SouthA,7.75,7.5,7.33,7.58,7.33,7.75,10,10,10,7.42,82.67
614,Brazil,SouthA,7.58,7.5,7.42,7.67,7.5,7.5,10,10,10,7.5,82.67
615,Brazil,SouthA,7.33,7.5,7.58,7.58,7.67,7.5,10,10,10,7.5,82.67
616,"Tanzania, United Republic Of",Africa,7.5,7.5,7.5,7.5,7.5,7.58,10,10,10,7.58,82.67
617,"Tanzania, United Republic Of",Africa,7.58,7.5,7.5,7.58,7.33,7.58,10,10,10,7.58,82.67
618,Taiwan,Asia,8,7.83,7.83,7.42,7.25,7.25,10,10,10,7.08,82.67
619,Mexico,CentralA,7.67,7.58,7.42,7.5,7.42,7.5,10,10,10,7.58,82.67
620,Uganda,Africa,7.67,7.5,7.33,7.67,7.5,7.5,10,10,10,7.5,82.67
621,Taiwan,Asia,7.67,7.5,7.5,7.5,7.5,7.5,10,10,10,7.5,82.67
622,Thailand,Asia,7.42,7.5,7.5,7.67,7.58,7.5,10,10,10,7.5,82.67
623,Colombia,SouthA,7.75,7.58,7.67,7.25,7.58,7.42,10,10,10,7.42,82.67
624,El Salvador,CentralA,7.92,8,7.5,6.75,7.92,7.58,10,10,9.33,7.67,82.67
625,Guatemala,CentralA,7.67,7.67,7.17,7.67,7.5,7.5,10,10,10,7.5,82.67
626,Thailand,Asia,7.83,7.33,7.83,7.33,7.58,7.83,10,10,9.33,7.58,82.67
627,Mexico,CentralA,7.58,7.58,7.42,7.58,7.42,7.5,10,10,10,7.58,82.67
628,Mexico,CentralA,7.5,7.58,7.58,7.58,7.42,7.42,10,10,10,7.58,82.67
629,Colombia,SouthA,7.33,7.58,7.42,7.42,7.67,7.67,10,10,10,7.58,82.67
630,United States (Hawaii),Pacific,7.83,7.67,7.5,7.67,7.5,7.58,10,10,9.33,7.58,82.67
631,Mexico,CentralA,7.75,7.58,7.25,7.75,7.67,7.58,10,10,10,7.08,82.67
632,Colombia,SouthA,8.08,7.67,7.67,7.33,7.33,7.17,10,10,10,7.42,82.67
633,Colombia,SouthA,7.5,7.42,7.33,7.33,7.67,7.83,10,10,10,7.58,82.67
634,Guatemala,CentralA,7.5,7.42,7.42,7.75,7.5,7.5,10,10,10,7.5,82.58
635,Taiwan,Asia,7.67,7.42,7.5,7.42,7.58,7.5,10,10,10,7.5,82.58
636,Brazil,SouthA,7.5,7.58,7.42,7.5,7.75,7.33,10,10,10,7.5,82.58
637,Taiwan,Asia,7.25,7.25,7,7.08,7,7,10,10,10,10,82.58
638,Brazil,SouthA,7.42,7.42,7.5,7.33,7.25,7.67,10,10,10,8,82.58
639,Indonesia,Asia,7.83,7.58,7.42,7.33,7.42,7.5,10,10,10,7.5,82.58
640,Thailand,Asia,7.75,7.33,7.42,7.67,7.42,7.5,10,10,10,7.5,82.58
641,Thailand,Asia,7.42,7.58,7.58,7.42,7.58,7.5,10,10,10,7.5,82.58
642,"Tanzania, United Republic Of",Africa,7.75,7.42,7.33,7.5,7.58,7.5,10,10,10,7.5,82.58
643,Uganda,Africa,7.83,7.5,7.42,7.58,7.42,7.42,10,10,10,7.42,82.58
644,Costa Rica,CentralA,7.67,7.42,7.5,7.67,7,7.75,10,10,10,7.58,82.58
645,Mexico,CentralA,7.58,7.58,7.42,7.75,7.67,7.67,9.33,10,10,7.58,82.58
646,Guatemala,CentralA,7.5,7.58,7.42,7.58,7.42,7.58,10,10,10,7.5,82.58
647,Colombia,SouthA,7.75,7.25,7.33,7.42,7.5,7.83,10,10,10,7.5,82.58
648,Colombia,SouthA,7.75,7.5,7.75,7.25,7.33,7.58,10,10,10,7.42,82.58
649,Colombia,SouthA,7.58,7.5,7.42,7.58,7.67,7.42,10,10,10,7.42,82.58
650,Mexico,CentralA,7.5,7.58,7.5,7.5,7.42,7.5,10,10,10,7.58,82.58
651,Mexico,CentralA,7.67,7.58,7.58,7.75,7.67,6.83,10,10,10,7.5,82.58
652,Colombia,SouthA,7.33,7.42,7.58,7.42,7.67,7.5,10,10,10,7.67,82.58
653,Brazil,SouthA,7.58,7.5,7.33,7.75,7.5,7.5,10,10,10,7.42,82.58
654,Brazil,SouthA,7.5,7.5,7.5,7.5,7.58,7.5,10,10,10,7.42,82.5
655,Indonesia,Asia,7.83,7.75,7.25,7.5,7.42,7.33,10,10,10,7.42,82.5
656,Honduras,CentralA,7.58,7.58,7.33,7.5,7.5,7.5,10,10,10,7.5,82.5
657,Guatemala,CentralA,7.5,7.5,7.33,7.5,7.67,7.5,10,10,10,7.5,82.5
658,Thailand,Asia,7.5,7.83,7.5,7.75,7.33,7.42,9.33,10,10,7.83,82.5
659,Thailand,Asia,7.33,7.5,7.5,7.5,7.67,7.5,10,10,10,7.5,82.5
660,"Tanzania, United Republic Of",Africa,7.67,7.42,7.33,7.58,7.5,7.5,10,10,10,7.5,82.5
661,"Tanzania, United Republic Of",Africa,7.75,7,7.42,7.58,7.58,7.58,10,10,10,7.58,82.5
662,Mexico,CentralA,7.42,7.58,7.5,7.67,7.25,7.5,10,10,10,7.58,82.5
663,Brazil,SouthA,7.42,7.5,7.67,7.33,7.42,7.67,10,10,10,7.5,82.5
664,Guatemala,CentralA,7.83,7.42,7.33,7.67,7.42,7.5,10,10,10,7.33,82.5
665,Colombia,SouthA,7.5,7.5,7.42,7.42,7.58,7.58,10,10,10,7.5,82.5
666,Guatemala,CentralA,7.83,7.67,7.17,7.33,7.5,7.67,10,10,10,7.33,82.5
667,Mexico,CentralA,7.5,7.58,7.5,7.5,7.42,7.42,10,10,10,7.58,82.5
668,Mexico,CentralA,7.67,7.5,7.33,7.67,7.5,7.33,10,10,10,7.5,82.5
669,Mexico,CentralA,7.92,7.5,7.33,7.58,7.25,7.42,10,10,10,7.5,82.5
670,Guatemala,CentralA,7.67,7.33,7.33,7.33,7.5,7.83,10,10,10,7.5,82.5
671,Brazil,SouthA,7.67,7.42,7.33,7.67,7.5,7.5,10,10,10,7.42,82.5
672,Colombia,SouthA,7.67,7.5,7.33,7.5,7.25,7.67,10,10,10,7.58,82.5
673,United States (Hawaii),Pacific,7.33,7.42,7.33,7.75,7.42,7.67,10,10,10,7.58,82.5
674,Guatemala,CentralA,7.75,7.58,7.67,7.67,7.58,7.58,9.33,10,10,7.33,82.5
675,Honduras,CentralA,7.42,7.67,7.17,7.58,7.58,7.5,10,10,10,7.5,82.42
676,Guatemala,CentralA,7.58,7.5,7.33,7.75,7.33,7.5,10,10,10,7.42,82.42
677,Guatemala,CentralA,7.67,7.58,7.25,7.67,7.42,7.33,10,10,10,7.5,82.42
678,Guatemala,CentralA,7.58,7.5,7.25,7.67,7.5,7.5,10,10,10,7.42,82.42
679,Guatemala,CentralA,7.5,7.42,7.08,7.75,7.67,7.5,10,10,10,7.5,82.42
680,Colombia,SouthA,5.08,7.75,7.83,7.75,7.83,8.08,10,10,10,8.08,82.42
681,China,Asia,7.67,7.42,7.42,7.5,7.42,7.42,10,10,10,7.58,82.42
682,Brazil,SouthA,7.42,7.5,7.33,7.5,7.25,7.42,10,10,10,8,82.42
683,"Tanzania, United Republic Of",Africa,7.67,7.25,7.42,7.42,7.67,7.42,10,10,10,7.58,82.42
684,Brazil,SouthA,7.17,7.83,7.33,7.5,7.75,7.42,10,10,10,7.42,82.42
685,Guatemala,CentralA,7.5,7.5,7.5,7.67,7.42,7.5,10,10,10,7.33,82.42
686,Mexico,CentralA,7.42,7.5,7.42,7.58,7.42,7.5,10,10,10,7.58,82.42
687,Brazil,SouthA,7.58,7.67,7.33,7.5,7.5,7.42,10,10,10,7.42,82.42
688,Peru,SouthA,7.58,7.58,7.58,7.75,7.5,7.58,9.33,10,10,7.5,82.42
689,Brazil,SouthA,7.25,7.33,7.25,7.5,7.42,7.5,10,10,10,8.17,82.42
690,Mexico,CentralA,7.5,7.58,7.5,7.92,7.42,7.67,9.33,10,10,7.5,82.42
691,Honduras,CentralA,7.25,7.67,7.42,7.17,7.75,7.5,10,10,10,7.67,82.42
692,Colombia,SouthA,7.67,7.42,7.33,7.5,7.58,7.5,10,10,10,7.42,82.42
693,Mexico,CentralA,7.5,7.42,7.42,7.67,7.42,7.58,10,10,10,7.42,82.42
694,Mexico,CentralA,7.42,7.58,7.5,7.42,7.58,7.5,10,10,10,7.42,82.42
695,Mexico,CentralA,7.42,7.58,7.33,7.58,7.5,7.5,10,10,10,7.5,82.42
696,Mexico,CentralA,7.75,7.33,7.25,7.58,7.58,7.33,10,10,10,7.58,82.42
697,Mexico,CentralA,7.5,7.58,7.33,7.5,7.5,7.5,10,10,10,7.5,82.42
698,Mexico,CentralA,7.58,7.58,7.17,7.5,7.5,7.5,10,10,10,7.58,82.42
699,Mexico,CentralA,7.58,7.33,7.33,7.58,7.5,7.5,10,10,10,7.58,82.42
700,Mexico,CentralA,7.67,7.58,7.33,7.42,7.58,7.33,10,10,10,7.5,82.42
701,Mexico,CentralA,7.83,7.5,7.42,7.67,7.17,7.33,10,10,10,7.5,82.42
702,Colombia,SouthA,7.67,7.33,7.25,7.42,7.5,7.67,10,10,10,7.58,82.42
703,Brazil,SouthA,7.75,7.5,7.42,7.42,7.5,7.42,10,10,10,7.42,82.42
704,Colombia,SouthA,7.33,7.58,7.17,7.58,7.42,7.58,10,10,10,7.75,82.42
705,Colombia,SouthA,7.58,7.25,7.42,7.25,7.58,7.83,10,10,10,7.5,82.42
706,Honduras,CentralA,7.5,7.58,7.33,7.5,7.42,7.42,10,10,10,7.58,82.33
707,Brazil,SouthA,7.33,7.5,7.5,7.33,7.5,7.5,10,10,10,7.67,82.33
708,Brazil,SouthA,7.42,7.42,7.42,7.5,7.5,7.58,10,10,10,7.5,82.33
709,Brazil,SouthA,7.5,7.5,7.42,7.5,7.42,7.5,10,10,10,7.5,82.33
710,Costa Rica,CentralA,7.75,7.5,7.25,7.25,7.42,7.67,10,10,10,7.5,82.33
711,Costa Rica,CentralA,7.75,7.33,7.5,7.5,7.33,7.58,10,10,10,7.33,82.33
712,China,Asia,7.5,7.58,7.42,7.5,7.42,7.42,10,10,10,7.5,82.33
713,Brazil,SouthA,8.25,7.83,7.25,8.33,8.17,8.08,10,6.67,10,7.75,82.33
714,Brazil,SouthA,7.42,7.5,7.5,7.42,7.5,7.58,10,10,10,7.42,82.33
715,Guatemala,CentralA,7.5,7.42,7.17,7.83,7.5,7.5,10,10,10,7.42,82.33
716,Malawi,Africa,7.33,7.58,7.42,7.58,7.33,7.5,10,10,10,7.58,82.33
717,Brazil,SouthA,7.75,8.08,7.67,8.08,8.08,8,10,10,6.67,8,82.33
718,Guatemala,CentralA,7.58,7.67,7.5,7.58,7.75,7.5,9.33,10,10,7.42,82.33
719,Mexico,CentralA,7.33,7.58,7.42,7.5,7.5,7.5,10,10,10,7.5,82.33
720,Colombia,SouthA,7.42,7.33,7.5,7.17,7.08,8.33,10,10,10,7.5,82.33
721,Taiwan,Asia,7.5,7.5,7.5,7.5,7.5,7.5,10,10,10,7.33,82.33
722,Taiwan,Asia,7.5,7.5,7.5,7.5,7.5,7.5,10,10,10,7.33,82.33
723,Guatemala,CentralA,7.5,7.42,7.58,7.5,7.5,7.58,10,10,10,7.25,82.33
724,Colombia,SouthA,7.5,7.42,7.5,7.5,7.5,7.58,10,10,10,7.33,82.33
725,Mexico,CentralA,7.67,7.5,7.42,7.5,7.42,7.42,10,10,10,7.42,82.33
726,Costa Rica,CentralA,7.92,7.58,7.25,7.75,7.92,7.58,9.33,9.33,10,7.67,82.33
727,Guatemala,CentralA,7.67,7.5,7.33,7.67,7.5,7.33,10,10,10,7.33,82.33
728,Mexico,CentralA,7.58,7.67,7.58,7.33,7,7.58,10,10,10,7.58,82.33
729,Mexico,CentralA,7.67,7.58,7.5,7.58,7.5,7.5,10,10,10,7,82.33
730,Guatemala,CentralA,7.5,7.67,7.33,7.5,7.33,7.5,10,10,10,7.5,82.33
731,Brazil,SouthA,7.58,7.5,7.42,7.5,7.5,7.42,10,10,10,7.42,82.33
732,Mexico,CentralA,8,7.75,7.33,7.33,7.08,7.67,9.33,10,10,7.83,82.33
733,Brazil,SouthA,7.58,7.58,7.25,7.58,7.42,7.5,10,10,10,7.42,82.33
734,Colombia,SouthA,7.83,7.58,7.33,7.25,7.58,7.42,10,10,10,7.33,82.33
735,Brazil,SouthA,7.58,7.5,7.25,7.42,7.67,7.33,10,10,10,7.5,82.25
736,Taiwan,Asia,7,7.08,7,7.17,7,7,10,10,10,10,82.25
737,Guatemala,CentralA,7.67,7.5,7.25,7.67,7.42,7.42,10,10,10,7.33,82.25
738,Brazil,SouthA,7.42,7.67,7.5,7.08,7.5,7.42,10,10,10,7.67,82.25
739,El Salvador,CentralA,7.58,7.67,7.5,7.67,7.83,8.42,9.33,9.33,9.33,7.58,82.25
740,Honduras,CentralA,7.58,7.5,7.42,7.58,7.42,7.42,10,10,10,7.33,82.25
741,Malawi,Africa,7.58,7.42,7.33,7.42,7.58,7.5,10,10,10,7.42,82.25
742,Brazil,SouthA,7.75,7.58,7.42,7.42,7.33,7.33,10,10,10,7.42,82.25
743,Taiwan,Asia,7.5,7.5,7.5,7.5,7.5,7.5,10,10,10,7.25,82.25
744,Mexico,CentralA,7.58,7.58,7.42,7.42,7.42,7.42,10,10,10,7.42,82.25
745,United States (Hawaii),Pacific,7.33,7.42,7.5,7.67,7.5,7.42,10,10,10,7.42,82.25
746,Mexico,CentralA,7.58,7.58,7.5,7.17,7.42,7.42,10,10,10,7.58,82.25
747,Guatemala,CentralA,7.5,7.5,7.33,7.58,7.67,7.33,10,10,10,7.33,82.25
748,Mexico,CentralA,7.5,7.58,7.42,7.67,7.33,7.42,10,10,10,7.33,82.25
749,Mexico,CentralA,7.67,7.58,7.33,7.5,7.42,7.42,10,10,10,7.33,82.25
750,El Salvador,CentralA,7.75,7.33,7.33,7.5,7.5,7.5,10,10,10,7.33,82.25
751,Mexico,CentralA,7.33,7.58,7.42,7.67,7.33,7.5,10,10,10,7.42,82.25
752,Mexico,CentralA,7.42,7.5,7.42,7.58,7.42,7.5,10,10,10,7.42,82.25
753,Colombia,SouthA,7.5,7.42,7.67,7.33,7.58,7.33,10,10,10,7.42,82.25
754,Colombia,SouthA,7.67,7.33,7.33,7.33,7.5,7.5,10,10,10,7.58,82.25
755,Brazil,SouthA,7.67,7.58,7.42,7,7.5,7.58,10,10,10,7.5,82.25
756,Colombia,SouthA,7.17,7.25,7.58,7.25,7.58,7.67,10,10,10,7.75,82.25
757,Brazil,SouthA,7.42,7.42,7.5,7.42,7.42,7.5,10,10,10,7.5,82.17
758,Honduras,CentralA,7.5,7.5,7.17,7.42,7.5,7.5,10,10,10,7.58,82.17
759,Nicaragua,CentralA,7.5,7.5,7.33,7.42,7.5,7.42,10,10,10,7.5,82.17
760,"Tanzania, United Republic Of",Africa,7.58,7.42,7.42,7.33,7.5,7.42,10,10,10,7.5,82.17
761,"Tanzania, United Republic Of",Africa,7.42,7.42,7.42,7.5,7.5,7.33,10,10,10,7.58,82.17
762,Brazil,SouthA,6.92,7.58,7.42,7.33,7.83,7.5,10,10,10,7.58,82.17
763,Thailand,Asia,7.42,7.42,7.17,7.75,7.25,7.67,10,10,10,7.5,82.17
764,Honduras,CentralA,7.67,7.5,7.25,7.42,7.58,7.42,10,10,10,7.33,82.17
765,Guatemala,CentralA,7.42,7.42,7.5,7.5,7.42,7.5,10,10,10,7.42,82.17
766,Brazil,SouthA,7.58,7.5,7.42,7.25,7.5,7.42,10,10,10,7.5,82.17
767,"Tanzania, United Republic Of",Africa,7.75,7.42,7.42,7.58,7.33,7.42,10,10,10,7.25,82.17
768,Mexico,CentralA,7.42,7.33,7.17,7.42,7.33,8.17,10,10,10,7.33,82.17
769,Mexico,CentralA,7.5,7.5,7.33,7.42,7.5,7.42,10,10,10,7.5,82.17
770,Taiwan,Asia,7.5,7.5,7.5,7.5,7.5,7.5,10,10,10,7.17,82.17
771,Taiwan,Asia,7.67,7.5,7.5,7.17,7.17,7.58,10,10,10,7.58,82.17
772,Colombia,SouthA,7.33,7.25,7.25,7.58,7.75,7.5,10,10,10,7.5,82.17
773,Mexico,CentralA,7.5,7.67,7,7.5,7.33,7.5,10,10,10,7.67,82.17
774,Guatemala,CentralA,7.25,7.75,7,7.75,8.17,7.75,10,10,9.33,7.17,82.17
775,Mexico,CentralA,7.5,7.58,7.25,7.5,7.5,7.33,10,10,10,7.5,82.17
776,Mexico,CentralA,7,7.67,7.5,7.5,7.42,7.5,10,10,10,7.58,82.17
777,Colombia,SouthA,7.58,7.67,7.42,7.17,7.17,7.75,10,10,10,7.42,82.17
778,Indonesia,Asia,7.5,7.5,7.42,7.42,7.5,7.42,10,10,10,7.33,82.08
779,Colombia,SouthA,7.75,7.58,7.42,7.67,7.83,7.58,9.33,9.33,10,7.58,82.08
780,Brazil,SouthA,7.42,7.58,7.42,7.5,7.42,7.25,10,10,10,7.5,82.08
781,Brazil,SouthA,7.25,7.25,7.58,7.58,7.25,7.92,10,10,10,7.25,82.08
782,Costa Rica,CentralA,7.75,7.42,7.42,7.25,7.17,7.42,10,10,10,7.67,82.08
783,"Tanzania, United Republic Of",Africa,7.42,7.33,7.42,7.42,7.5,7.58,10,10,10,7.42,82.08
784,"Tanzania, United Republic Of",Africa,7.42,7.5,7.5,7.33,7.33,7.5,10,10,10,7.5,82.08
785,Colombia,SouthA,7.5,7.42,7.42,7.42,7.67,7.42,10,10,10,7.25,82.08
786,Costa Rica,CentralA,7.58,7.33,7.33,7.33,7.5,7.67,10,10,10,7.33,82.08
787,United States (Hawaii),Pacific,7.25,7.58,7.58,7.25,7.5,7.42,10,10,10,7.5,82.08
788,Mexico,CentralA,7.42,7.58,7.5,7.33,7.42,7.42,10,10,10,7.42,82.08
789,Mexico,CentralA,7.5,7.42,7.42,7.5,7.25,7.5,10,10,10,7.5,82.08
790,Mexico,CentralA,7.67,7.5,7.25,7.58,7.42,7.33,10,10,10,7.33,82.08
791,Vietnam,Asia,7.67,8,7.17,7.08,7.67,7.08,10,10,10,7.42,82.08
792,Mexico,CentralA,7.58,7.42,7.25,7.75,7.33,7.42,10,10,10,7.33,82.08
793,United States (Hawaii),Pacific,7.33,7.5,7.33,7.58,7.08,7.83,10,10,10,7.42,82.08
794,Colombia,SouthA,7.67,7.42,7.67,7.33,7.25,7.58,10,10,10,7.17,82.08
795,Honduras,CentralA,7.5,7.5,7.17,7.5,7.5,7.42,10,10,10,7.42,82
796,Honduras,CentralA,7.5,7.5,7.25,7.33,7.42,7.5,10,10,10,7.5,82
797,Brazil,SouthA,7.5,7.33,7.42,7.5,7.33,7.42,10,10,10,7.5,82
798,"Tanzania, United Republic Of",Africa,7.67,7.33,7.33,7.42,7.42,7.42,10,10,10,7.42,82
799,Laos,Asia,7.42,7.5,7.25,7.33,7.5,7.5,10,10,10,7.5,82
800,"Tanzania, United Republic Of",Africa,7.42,7.42,7.33,7.58,7.33,7.42,10,10,10,7.5,82
801,Malawi,Africa,7.5,7.42,7.33,7.58,7.33,7.5,10,10,10,7.33,82
802,Taiwan,Asia,7.33,7.5,7.17,7.42,7.5,7.33,10,10,10,7.75,82
803,Thailand,Asia,7.58,7.5,7.42,7.42,7.33,7.42,10,10,10,7.33,82
804,Costa Rica,CentralA,7.5,7.25,7.33,7.33,7.75,7.5,10,10,10,7.33,82
805,Honduras,CentralA,7.33,7.33,7.33,7.5,7.5,7.83,10,10,10,7.17,82
806,Colombia,SouthA,7.33,7.33,7.58,7.5,7.5,7.58,10,10,10,7.17,82
807,Taiwan,Asia,7.42,7.58,7.33,7.42,8,7.5,9.33,10,10,7.42,82
808,Brazil,SouthA,7.33,7.67,7.42,7.17,7.33,7.42,10,10,10,7.67,82
809,Mexico,CentralA,7.67,7.33,7.25,7.5,7.42,7.42,10,10,10,7.42,82
810,Brazil,SouthA,7.42,7.5,7.33,7.5,7.33,7.5,10,10,10,7.42,82
811,Brazil,SouthA,7.42,7.5,7.25,7.5,7.5,7.42,10,10,10,7.42,82
812,Guatemala,CentralA,7.33,7.33,7.33,7.5,7.67,7.67,10,10,10,7.17,82
813,Brazil,SouthA,7.58,7.5,7.17,7.5,7.5,7.42,10,10,10,7.33,82
814,Guatemala,CentralA,7.75,7.33,7.33,7.42,7.75,7.67,10,10,9.33,7.42,82
815,Colombia,SouthA,7.33,7,7.08,7.42,7.5,7.67,10,10,10,8,82
816,Guatemala,CentralA,7.58,7.5,7.25,7.58,7.58,7.5,9.33,10,10,7.58,81.92
817,Guatemala,CentralA,7.5,7.5,7.25,7.42,7.42,7.42,10,10,10,7.42,81.92
818,Honduras,CentralA,7.58,7.5,7.25,7.33,7.42,7.5,10,10,10,7.33,81.92
819,Brazil,SouthA,7.42,7.33,7.33,7.5,7.5,7.33,10,10,10,7.5,81.92
820,El Salvador,CentralA,7.67,7.58,7.33,7.5,7.5,7.67,10,10,9.33,7.33,81.92
821,Guatemala,CentralA,7.58,7.58,7.17,7.83,7.17,7.33,10,10,10,7.25,81.92
822,"Tanzania, United Republic Of",Africa,7.33,7.33,7.33,7.42,7.5,7.58,10,10,10,7.42,81.92
823,Nicaragua,CentralA,7.58,7.42,7.25,7.17,7.5,7.67,10,10,10,7.33,81.92
824,Zambia,Africa,7.67,7.08,7.42,7.33,7.75,7.42,10,10,10,7.25,81.92
825,Honduras,CentralA,7.42,7.33,7.33,7.58,7.33,7.5,10,10,10,7.42,81.92
826,Taiwan,Asia,7.5,7.5,7.42,7.25,7.5,7.5,10,10,10,7.25,81.92
827,Mexico,CentralA,7.58,7.5,7.25,7.58,7.5,7.25,10,10,10,7.25,81.92
828,Mexico,CentralA,7.5,7.5,7.25,7.25,7.5,7.5,10,10,10,7.42,81.92
829,Mexico,CentralA,7.5,7.42,7.25,7.5,7.33,7.33,10,10,10,7.58,81.92
830,Mexico,CentralA,7.33,7.58,7.17,7.58,7.42,7.33,10,10,10,7.5,81.92
831,Mexico,CentralA,7.67,7.42,7.33,7.83,7.5,7.5,9.33,10,10,7.33,81.92
832,Brazil,SouthA,7.42,7.58,7.25,7.5,7.33,7.5,10,10,10,7.33,81.92
833,Colombia,SouthA,7.67,7.33,7.33,7.58,7.33,7.33,10,10,10,7.33,81.92
834,Guatemala,CentralA,7.42,7.5,7.25,7.5,7.33,7.42,10,10,10,7.42,81.83
835,Costa Rica,CentralA,7.25,7.33,7.5,7.33,7.67,7.42,10,10,10,7.33,81.83
836,Brazil,SouthA,7.42,7.5,7.42,7.5,7.42,7.25,10,10,10,7.33,81.83
837,Indonesia,Asia,7.75,7.83,7.58,7.75,7.92,7.83,10,10,10,5.17,81.83
838,Guatemala,CentralA,7.58,7.5,7.33,7.42,7.58,7.25,10,10,10,7.17,81.83
839,Brazil,SouthA,7.17,7.58,6.83,7.5,7.75,7.25,10,10,10,7.75,81.83
840,Brazil,SouthA,7.58,7,6.92,6.92,7.67,7.5,10,10,10,8.25,81.83
841,Myanmar,Asia,7.33,7.58,7.5,7.42,7.33,7.33,10,10,10,7.33,81.83
842,Mexico,CentralA,7.58,7.5,7.33,7.5,7.17,7.33,10,10,10,7.42,81.83
843,Honduras,CentralA,7.5,7.5,7.33,7.5,7.42,7.25,10,10,10,7.33,81.83
844,Costa Rica,CentralA,7.67,7.5,7.5,7.25,7.08,7.42,10,10,10,7.42,81.83
845,Taiwan,Asia,7.67,7.33,7.17,7.25,7.75,7.33,10,10,10,7.33,81.83
846,Indonesia,Asia,7.42,7.42,7.42,7.33,7.42,7.42,10,10,10,7.42,81.83
847,Malawi,Africa,7.58,7.42,7.33,7.33,7.33,7.42,10,10,10,7.42,81.83
848,Brazil,SouthA,7.33,7.58,7.25,7.17,7.83,7.33,10,10,10,7.33,81.83
849,Honduras,CentralA,7.5,7.5,7.33,7.33,7.33,7.33,10,10,10,7.5,81.83
850,Mexico,CentralA,7.42,7.42,7.25,7.5,7.33,7.42,10,10,10,7.5,81.83
851,Colombia,SouthA,7.5,7.5,7,7.42,7.5,7.58,10,10,10,7.33,81.83
852,United States (Hawaii),Pacific,7.83,7.83,7.83,8,7.83,7.83,10,6.67,10,8,81.83
853,Brazil,SouthA,7.75,7.75,7.5,7.42,7.83,7.75,9.33,9.33,9.33,7.83,81.83
854,Guatemala,CentralA,7.83,7.67,7.33,7.33,7.67,7.83,9.33,10,9.33,7.5,81.83
855,Mexico,CentralA,7.83,7.33,7.25,7.58,7.25,7.33,10,10,10,7.25,81.83
856,Mexico,CentralA,7.33,7.33,7.25,7.5,7.5,7.5,10,10,10,7.42,81.83
857,Brazil,SouthA,7.33,7.67,7.25,7.5,7.5,7.25,10,10,10,7.33,81.83
858,Colombia,SouthA,7.58,7.5,7.17,7.58,7.33,7.33,10,10,10,7.33,81.83
859,United States (Hawaii),Pacific,7.25,7.58,7.83,7.67,7.75,7.75,9.33,9.33,10,7.33,81.83
860,Guatemala,CentralA,7.5,7.5,7.25,7.42,7.42,7.33,10,10,10,7.33,81.75
861,Vietnam,Asia,7,7.08,7.33,7.5,7.5,7.33,10,10,10,8,81.75
862,"Tanzania, United Republic Of",Africa,7.42,7.42,7.42,7.42,7.33,7.33,10,10,10,7.42,81.75
863,Brazil,SouthA,7.17,7.25,7.17,7.25,7.42,8.25,10,10,10,7.25,81.75
864,Mexico,CentralA,7.5,7.5,7.33,7.42,7.25,7.25,10,10,10,7.5,81.75
865,Mexico,CentralA,7.42,7.5,7.17,7.67,7.33,7.42,10,10,10,7.25,81.75
866,Mexico,CentralA,7.42,7.5,7.33,7.58,7.33,7.33,10,10,10,7.25,81.75
867,Mexico,CentralA,7.33,7.42,7.33,7.67,7.42,7.25,10,10,10,7.33,81.75
868,Mexico,CentralA,7.5,7.42,7.25,7.33,7.67,7.25,10,10,10,7.33,81.75
869,Colombia,SouthA,7.33,7.42,7.33,7.33,7.5,7.67,10,10,10,7.17,81.75
870,Colombia,SouthA,7.42,7.58,6.92,7.08,7.25,8,10,10,10,7.5,81.75
871,Brazil,SouthA,7.42,7.5,7.25,7.5,7.5,7.25,10,10,10,7.25,81.67
872,Guatemala,CentralA,7.42,7.42,7.08,7.42,7.33,7.42,10,10,10,7.58,81.67
873,Guatemala,CentralA,7.42,7.33,7.17,7.67,7.33,7.42,10,10,10,7.33,81.67
874,Honduras,CentralA,7.58,7.5,7.33,7.33,7.42,7.25,10,10,10,7.25,81.67
875,"Tanzania, United Republic Of",Africa,7.17,7.33,7.33,7.42,7.5,7.33,10,10,10,7.58,81.67
876,Nicaragua,CentralA,7.58,7.5,7.25,7.25,7.5,7.25,10,10,10,7.33,81.67
877,Colombia,SouthA,7.75,7.75,7.75,7.67,5.25,7.83,10,10,10,7.67,81.67
878,Brazil,SouthA,7.25,7.75,6.92,7.42,7.5,7.58,10,10,10,7.25,81.67
879,"Tanzania, United Republic Of",Africa,7.42,7.33,7.25,7.42,7.5,7.42,10,10,10,7.33,81.67
880,"Tanzania, United Republic Of",Africa,7.33,7.33,7.5,7.25,7.42,7.33,10,10,10,7.5,81.67
881,Brazil,SouthA,7.25,7.42,7.25,7.5,7.5,7.42,10,10,10,7.33,81.67
882,Indonesia,Asia,7.17,7.42,7.33,7.42,7.33,7.42,10,10,10,7.58,81.67
883,Honduras,CentralA,7.5,7.33,7.5,7.5,7.17,7.17,10,10,10,7.5,81.67
884,Costa Rica,CentralA,7.5,7.17,7.17,7.17,7.5,7.08,10,10,10,8.08,81.67
885,Mexico,CentralA,7.42,7.42,7.67,8,7.58,7.5,9.33,9.33,10,7.42,81.67
886,Taiwan,Asia,7.5,7.5,7.5,7.25,7.42,7.25,10,10,10,7.25,81.67
887,Taiwan,Asia,7.58,7.42,7.33,7.42,7.33,7.33,10,10,10,7.25,81.67
888,Mexico,CentralA,7.5,7.42,7.08,7.58,7.33,7.33,10,10,10,7.42,81.67
889,Guatemala,CentralA,7.5,7.67,7.33,7.33,7.33,7.33,10,10,10,7.17,81.67
890,Mexico,CentralA,7.25,7.67,7.58,7.67,7.67,7.58,8.67,10,10,7.58,81.67
891,Mexico,CentralA,7.67,7.25,7.17,7.75,7.5,7.25,10,10,10,7.08,81.67
892,Mexico,CentralA,7.5,7.42,7.33,7.42,7.42,7.42,10,10,10,7.17,81.67
893,Mexico,CentralA,7.58,7.42,7.25,7.58,7.25,7.17,10,10,10,7.42,81.67
894,Mexico,CentralA,7.75,7.58,7.25,7.17,7.58,7.33,9.33,10,10,7.67,81.67
895,United States (Hawaii),Pacific,7.42,7.33,7.33,7.33,7.17,7.83,10,10,10,7.25,81.67
896,Honduras,CentralA,7.5,7.42,7.08,7.42,7.5,7.33,10,10,10,7.33,81.58
897,Guatemala,CentralA,7.42,7.42,7.08,7.5,7.42,7.33,10,10,10,7.42,81.58
898,Taiwan,Asia,7.42,7.42,7.25,7.67,7.33,7.25,10,10,10,7.25,81.58
899,Costa Rica,CentralA,7.58,7.42,7.5,7.17,7.08,7.58,10,10,10,7.25,81.58
900,"Tanzania, United Republic Of",Africa,7.42,7.42,7.33,7.42,7.42,7.33,10,10,10,7.25,81.58
901,Malawi,Africa,7.42,7.42,7.17,7.58,7.33,7.33,10,10,10,7.33,81.58
902,Taiwan,Asia,7.33,7.17,7.08,7.08,8.33,8.25,10,10,9.33,7,81.58
903,Brazil,SouthA,7.42,7.42,7.33,7.33,7.5,7.25,10,10,10,7.33,81.58
904,Guatemala,CentralA,7.42,7.33,7.17,7.58,7.42,7.5,10,10,10,7.17,81.58
905,Mexico,CentralA,7.67,7.5,7.42,7.5,6.75,7.42,10,10,10,7.33,81.58
906,Mexico,CentralA,7.33,7.5,7.25,7.5,7.5,7.17,10,10,10,7.33,81.58
907,Mexico,CentralA,7.67,7.58,7.42,7.58,7.58,7.42,10,10,8.67,7.67,81.58
908,Thailand,Asia,7.08,7.33,7.58,7.58,7.17,7.5,10,10,10,7.33,81.58
909,Thailand,Asia,7.33,7.33,7.17,7.5,7.58,7.33,10,10,10,7.33,81.58
910,Costa Rica,CentralA,7.25,7.17,7.33,7.33,7.5,7.75,10,10,10,7.25,81.58
911,Guatemala,CentralA,7.67,7.58,7.17,7.42,7.33,7.42,9.33,10,10,7.58,81.5
912,Nicaragua,CentralA,7.5,7.42,7.33,7.33,7.25,7.33,10,10,10,7.33,81.5
913,Honduras,CentralA,7.5,7.5,7.33,7.42,7.17,7.25,10,10,10,7.33,81.5
914,Guatemala,CentralA,7.5,7.42,7.25,7.25,7.5,7.25,10,10,10,7.33,81.5
915,Taiwan,Asia,7.5,7.42,7.33,7.08,7.58,7.25,10,10,10,7.33,81.5
916,Myanmar,Asia,7.25,7.42,7.25,7.5,7.33,7.33,10,10,10,7.42,81.5
917,Costa Rica,CentralA,7.83,7.33,7.08,7.08,7.33,7.5,10,10,10,7.33,81.5
918,Malawi,Africa,7.67,7.42,6.92,7.5,7.5,7.17,10,10,10,7.33,81.5
919,Guatemala,CentralA,7.5,7.42,7.17,7.58,7.25,7.42,10,10,10,7.17,81.5
920,Taiwan,Asia,7.42,7.33,7.67,7.33,7.42,7.5,10,10,9.33,7.5,81.5
921,Brazil,SouthA,7.58,7.5,7.5,7.67,7.67,7.83,9.33,9.33,9.33,7.75,81.5
922,Haiti,CentralA,7.42,7.33,7.25,7.42,7.42,7.33,10,10,10,7.33,81.5
923,Taiwan,Asia,7.5,7.42,7.25,7.25,7.33,7.33,10,10,10,7.42,81.5
924,Mexico,CentralA,7.33,7.33,7.17,7.42,7.5,7.5,10,10,10,7.25,81.5
925,Mexico,CentralA,7.58,7.42,7.25,7.42,7.33,7.33,10,10,10,7.17,81.5
926,Mexico,CentralA,7.42,7.25,7.17,7.42,7.17,8,10,10,10,7.08,81.5
927,Mexico,CentralA,7.33,7.5,7.33,7.33,7.33,7.42,10,10,10,7.25,81.5
928,Mexico,CentralA,7.42,7.42,7.33,7.17,7.25,7.42,10,10,10,7.5,81.5
929,Mexico,CentralA,7.5,7.5,7.25,7.5,7.42,7.58,9.33,10,10,7.42,81.5
930,Indonesia,Asia,7.75,7.17,7.17,7.33,7.58,7.33,10,10,10,7.17,81.5
931,Brazil,SouthA,7.5,7.42,7.17,7.42,7.5,7.33,10,10,10,7.17,81.5
932,Guatemala,CentralA,7.33,7.5,7.33,7.42,7.17,7.33,10,10,10,7.42,81.5
933,Colombia,SouthA,7.42,7.42,7.17,7.42,7.42,7.33,10,10,10,7.33,81.5
934,United States (Hawaii),Pacific,7.33,7.33,7.33,7.5,7.5,7.83,9.33,10,10,7.33,81.5
935,Mexico,CentralA,7.58,7.33,7.08,7.33,7.5,7.33,10,10,10,7.25,81.42
936,Guatemala,CentralA,7.42,7.33,7.08,7.58,7.33,7.25,10,10,10,7.42,81.42
937,Brazil,SouthA,7.33,7.5,7.5,7.33,6.83,7.42,10,10,10,7.5,81.42
938,Honduras,CentralA,7.5,7.33,7.17,7.25,7.5,7.42,10,10,10,7.25,81.42
939,Taiwan,Asia,7.83,7.75,7.42,7.17,7.08,7.08,10,10,10,7.08,81.42
940,Malawi,Africa,7.58,7.17,7.33,7.42,7.08,7.42,10,10,10,7.42,81.42
941,Brazil,SouthA,7.25,7.5,7.42,7.17,7.33,7.33,10,10,10,7.42,81.42
942,Guatemala,CentralA,7.42,7.5,7.17,7.42,7.42,7.42,10,10,10,7.08,81.42
943,Mexico,CentralA,7.67,7.33,7.25,7.17,7.25,7.42,10,10,10,7.33,81.42
944,Peru,SouthA,7.42,7.42,7.17,7.33,7.42,7.42,10,10,10,7.25,81.42
945,Guatemala,CentralA,7.42,7.33,7.25,7.42,7.42,7.5,10,10,10,7.08,81.42
946,Mexico,CentralA,7.42,7.33,7.25,7.17,7.25,7.42,10,10,10,7.58,81.42
947,Mexico,CentralA,7.42,7.42,7.25,7.25,7.5,7.33,10,10,10,7.25,81.42
948,Colombia,SouthA,7.5,7.42,7.25,7.17,7.17,7.75,10,10,10,7.17,81.42
949,Colombia,SouthA,7.75,7.33,7.42,7,7.33,7.25,10,10,10,7.33,81.42
950,United States (Hawaii),Pacific,7.83,7,7,7.58,7.58,7.5,10,10,10,6.92,81.42
951,Colombia,SouthA,7.5,7.33,7.33,7.17,7.33,7.42,10,10,10,7.25,81.33
952,Honduras,CentralA,7.5,7.5,7,7.17,7.5,7.33,10,10,10,7.33,81.33
953,Mexico,CentralA,7.67,7.42,7,7.42,7.58,7.08,10,10,10,7.17,81.33
954,Brazil,SouthA,7.25,7.33,7.33,7.33,7.33,7.42,10,10,10,7.33,81.33
955,Honduras,CentralA,7.58,7.42,7.17,7.42,7.17,7.17,10,10,10,7.42,81.33
956,Brazil,SouthA,7.17,7.33,7.42,7.25,7.42,7.33,10,10,10,7.42,81.33
957,Philippines,Asia,7.08,7.33,7.42,7.33,7.33,7.5,10,10,10,7.33,81.33
958,Malawi,Africa,7.75,7.33,7.08,7.33,7.33,7.25,10,10,10,7.25,81.33
959,Honduras,CentralA,7.33,7.33,7.17,7.33,7.5,7.33,10,10,10,7.33,81.33
960,Mexico,CentralA,7.58,7.42,7.25,7.33,7.25,7.25,10,10,10,7.25,81.33
961,Mexico,CentralA,7.33,7.25,7.17,7.42,7.58,7.33,10,10,10,7.25,81.33
962,Brazil,SouthA,7.5,7.58,7.5,7.5,7.75,7.83,9.33,9.33,9.33,7.58,81.33
963,Taiwan,Asia,7.83,7.75,7.67,7.83,7.83,7.75,9.33,10,10,5.25,81.25
964,Brazil,SouthA,7.17,7.42,7.17,7.08,6.92,8.17,10,10,10,7.33,81.25
965,Nicaragua,CentralA,7.08,7.5,7.33,7.17,7.42,7.25,10,10,10,7.5,81.25
966,Honduras,CentralA,7.42,7.17,7.17,7.5,7.33,7.25,10,10,10,7.42,81.25
967,Guatemala,CentralA,7.33,7.42,7.17,7.25,7.42,7.33,10,10,10,7.33,81.25
968,"Tanzania, United Republic Of",Africa,7.33,7.17,7.17,7.5,7.25,7.42,10,10,10,7.42,81.25
969,Taiwan,Asia,7.5,7.5,7.25,7.25,7.25,7.25,10,10,10,7.25,81.25
970,Guatemala,CentralA,7.5,7.33,7.5,7.58,7,7.25,10,10,10,7.08,81.25
971,Mexico,CentralA,7.42,7.42,7.33,7.33,7.5,7.42,9.33,10,10,7.5,81.25
972,Nicaragua,CentralA,7.33,7.5,7.17,7.17,7.58,7.17,10,10,10,7.25,81.17
973,"Tanzania, United Republic Of",Africa,7.67,7.17,7.17,7.33,7.5,7.17,10,10,10,7.17,81.17
974,Mexico,CentralA,7.75,7.58,7.08,7.25,7.08,7.25,10,10,10,7.17,81.17
975,Costa Rica,CentralA,7.5,7.5,7.33,7.17,7.08,7.17,10,10,10,7.42,81.17
976,Honduras,CentralA,7.42,7.33,7,7.42,7.33,7.33,10,10,10,7.33,81.17
977,Thailand,Asia,6.83,7.42,7.42,7.17,7.5,7.42,10,10,10,7.42,81.17
978,Philippines,Asia,7.25,7.25,7.25,7.08,7.58,7.5,10,10,10,7.25,81.17
979,"Tanzania, United Republic Of",Africa,7.58,7.17,7.17,7.33,7.33,7.25,10,10,10,7.33,81.17
980,Malawi,Africa,7.58,7.25,7.33,7.08,7.33,7.33,10,10,10,7.25,81.17
981,Costa Rica,CentralA,7.33,7.08,7.33,7.25,7.33,7.58,10,10,10,7.25,81.17
982,Brazil,SouthA,7.42,7.42,7.17,7.42,7.33,7.25,10,10,10,7.17,81.17
983,Mexico,CentralA,7.42,7.25,7.08,7.75,7.42,7.17,10,10,10,7.08,81.17
984,Guatemala,CentralA,7.42,7.25,7.33,7.25,7.25,7.42,10,10,10,7.25,81.17
985,Brazil,SouthA,7.42,7.33,7.25,7.42,7.5,7.17,10,10,10,7.08,81.17
986,United States (Hawaii),Pacific,7.25,7.75,7.67,7.67,7.42,7.67,8.67,9.33,10,7.75,81.17
987,Ethiopia,Africa,7.42,7.33,7.17,7.33,7.42,7.17,10,10,10,7.25,81.08
988,Brazil,SouthA,7.58,7.42,7.5,7.25,7.75,7.58,9.33,10,9.33,7.33,81.08
989,Nicaragua,CentralA,7.33,7.33,7.33,7.42,7.33,7.33,10,10,10,7,81.08
990,United States,NorthA,7.42,7.17,7.33,7.42,7.25,7.33,10,10,10,7.17,81.08
991,"Tanzania, United Republic Of",Africa,7.42,7.33,7.33,7.25,7.25,7.33,10,10,10,7.17,81.08
992,Costa Rica,CentralA,7.42,7.25,7.17,7.25,7.25,7.58,10,10,10,7.17,81.08
993,United States (Puerto Rico),CentralA,7.67,7.75,7.67,7.58,7.58,7.67,6.67,10,10,8.5,81.08
994,Mexico,CentralA,7.25,7.42,7.33,7.33,7.17,7.33,10,10,10,7.25,81.08
995,Mexico,CentralA,7.33,7.25,7.33,7.42,7.25,7.42,10,10,10,7.08,81.08
996,Mexico,CentralA,7.33,7.33,7.25,7.42,7.25,7.25,10,10,10,7.25,81.08
997,Mexico,CentralA,7.42,7.33,7.25,7.42,7.17,7.25,10,10,10,7.25,81.08
998,United States (Hawaii),Pacific,7.42,7.42,7.25,7.58,6.92,7.17,10,10,10,7.33,81.08
999,Brazil,SouthA,7.25,7.25,7.17,7.5,7.33,7.17,10,10,10,7.33,81
1000,El Salvador,CentralA,7.42,7.08,7.08,7.33,7.25,7.58,10,10,10,7.25,81
1001,Brazil,SouthA,7.33,7.17,7.17,7.67,7.33,7.17,10,10,10,7.17,81
1002,Guatemala,CentralA,7.42,7.25,7.17,7.5,7.25,7.17,10,10,10,7.25,81
1003,Colombia,SouthA,7.67,7.5,7.42,5.25,7.67,7.75,10,10,10,7.75,81
1004,Guatemala,CentralA,7.5,7.25,7,7.25,7.5,7.25,10,10,10,7.25,81
1005,Taiwan,Asia,7.25,7.17,7.17,7.25,7.5,7.33,10,10,10,7.33,81
1006,Honduras,CentralA,7.42,7.25,7.25,7.33,7.25,7.17,10,10,10,7.33,81
1007,Brazil,SouthA,7.67,7.75,7.83,7.75,7.83,7.75,10,6.67,10,7.75,81
1008,"Tanzania, United Republic Of",Africa,7.33,7.33,7.08,7.42,7.17,7.33,10,10,10,7.33,81
1009,Uganda,Africa,7.33,6.92,7.17,7.33,7.42,7.42,10,10,10,7.42,81
1010,Taiwan,Asia,7.5,6.92,7.33,7.33,7.33,7.33,10,10,10,7.25,81
1011,Thailand,Asia,7.33,7.42,7.25,7.42,7.25,7.17,10,10,10,7.17,81
1012,Mexico,CentralA,7.08,7.33,7.33,7.33,7.42,7.25,10,10,10,7.25,81
1013,Mexico,CentralA,7.58,7.67,7.5,7.67,7.58,7.5,8,10,10,7.5,81
1014,Taiwan,Asia,7.33,7.17,7.25,7.33,7.33,7.25,10,10,10,7.25,80.92
1015,Guatemala,CentralA,7.67,7.67,7.33,7.58,7.67,7.5,9.33,9.33,9.33,7.5,80.92
1016,Kenya,Africa,7.17,7.58,7.5,7.5,8,7.75,10,10,10,5.42,80.92
1017,Mexico,CentralA,7.5,7.33,7.17,7.42,7.5,7.33,9.33,10,10,7.33,80.92
1018,Myanmar,Asia,7.17,7.42,7,7.58,7.33,7,10,10,10,7.42,80.92
1019,United States (Hawaii),Pacific,7.42,7.08,7.17,7.17,7.58,7.25,10,10,10,7.25,80.92
1020,"Tanzania, United Republic Of",Africa,7.33,7.17,7.17,7.25,7.42,7.33,10,10,10,7.25,80.92
1021,Brazil,SouthA,7.25,7.33,7.25,7.25,7.25,7.33,10,10,10,7.25,80.92
1022,Taiwan,Asia,7.92,7.67,7.33,7.08,7.08,7.08,10,10,10,6.75,80.92
1023,Brazil,SouthA,7.17,7.42,7.17,7.25,7.25,7.33,10,10,10,7.33,80.92
1024,Nicaragua,CentralA,7.33,7.08,7.25,7,7.5,7.42,10,10,10,7.33,80.92
1025,Guatemala,CentralA,7.58,7.42,6.92,7.5,7.25,7.17,10,10,10,7.08,80.92
1026,Taiwan,Asia,7.42,7.25,7.25,7.25,7.25,7.25,10,10,10,7.25,80.92
1027,Taiwan,Asia,7.25,7.17,7.08,7.08,7.08,8.08,10,10,10,7.17,80.92
1028,Taiwan,Asia,7.42,7.25,7.25,7.25,7.25,7.25,10,10,10,7.25,80.92
1029,Mexico,CentralA,7.58,7.33,7.08,7.5,7.17,7.25,10,10,10,7,80.92
1030,Thailand,Asia,7.67,7.58,7.33,7.33,7.17,7,10,10,10,6.83,80.92
1031,Laos,Asia,7.42,7.33,7.17,7.17,7.17,7.25,10,10,10,7.33,80.83
1032,Guatemala,CentralA,7.67,7.25,7.08,7.33,7.17,7.25,10,10,10,7.08,80.83
1033,Mexico,CentralA,7.17,7.08,7.25,7.42,7.25,7.33,10,10,10,7.33,80.83
1034,Mexico,CentralA,7.33,7.25,7.33,7.33,7.25,7.17,10,10,10,7.17,80.83
1035,Mexico,CentralA,7.5,7.17,7.33,7.25,7.17,7.17,10,10,10,7.25,80.83
1036,United States (Hawaii),Pacific,7.42,7.33,7,7.25,7.33,7.5,10,10,10,7,80.83
1037,Colombia,SouthA,7.33,7.33,7,6.83,7.33,7.67,10,10,10,7.33,80.83
1038,Brazil,SouthA,7.17,7.25,7.08,7.17,7.25,7.58,10,10,10,7.25,80.75
1039,Myanmar,Asia,6.92,7.5,7,7.58,7.5,7.08,10,10,10,7.17,80.75
1040,Guatemala,CentralA,7.5,7.33,7,7.42,7.17,7.17,10,10,10,7.17,80.75
1041,Nicaragua,CentralA,7.25,7.25,7.17,7.25,7.33,7.25,10,10,10,7.25,80.75
1042,Honduras,CentralA,7.5,7.33,7,7.42,7.25,7.17,10,10,10,7.08,80.75
1043,Panama,CentralA,7.25,7.33,7.17,7.33,7.33,7.17,10,10,10,7.17,80.75
1044,Honduras,CentralA,7.42,7.17,7.08,7.42,7.25,7.25,10,10,10,7.17,80.75
1045,Honduras,CentralA,7.25,7.33,7.08,7.5,7.25,7.33,10,10,10,7,80.75
1046,Costa Rica,CentralA,7.33,7.33,7.25,7.25,7.17,7.17,10,10,10,7.25,80.75
1047,Mexico,CentralA,7.58,7.33,7.42,7.25,7.5,7.5,9.33,9.33,10,7.5,80.75
1048,Haiti,CentralA,7.42,7,7.42,7.25,7.08,7.33,10,10,10,7.25,80.75
1049,United States (Hawaii),Pacific,7.08,7.33,7.17,7.25,7.33,7.67,10,10,10,6.92,80.75
1050,Taiwan,Asia,7.33,7.08,7.08,7.08,7.42,7.33,10,10,10,7.33,80.67
1051,Indonesia,Asia,7.58,7.42,7,7.67,7.5,7.5,9.33,9.33,10,7.33,80.67
1052,Guatemala,CentralA,7.67,7.42,6.83,7.17,7.42,7.17,10,10,10,7,80.67
1053,Costa Rica,CentralA,7.83,7.5,7.67,7.67,7.83,7.5,6.67,10,10,8,80.67
1054,Malawi,Africa,7.5,7.25,7.17,7.17,7.25,7.17,10,10,10,7.17,80.67
1055,Mexico,CentralA,7.25,7.17,7.17,7.25,7.17,7.42,10,10,10,7.25,80.67
1056,Colombia,SouthA,7.67,7.5,7.42,7.67,7.5,7.75,10,10,6.67,8.5,80.67
1057,Guatemala,CentralA,7.67,7.17,7,7.5,7,7,10,10,10,7.33,80.67
1058,Guatemala,CentralA,7,7.33,7.5,7.33,7,7.33,10,10,10,7.17,80.67
1059,Guatemala,CentralA,7,7.5,7.33,7.17,7.17,7.17,10,10,10,7.33,80.67
1060,Colombia,SouthA,7.17,7.25,7.08,7.42,7.08,7.42,10,10,10,7.25,80.67
1061,Brazil,SouthA,7.33,7.25,7.33,7.08,7.58,7.25,9.33,10,10,7.42,80.58
1062,Nicaragua,CentralA,7.08,7.5,7,7.25,7.42,7,10,10,10,7.33,80.58
1063,"Tanzania, United Republic Of",Africa,7.25,7.08,7.08,7.33,7.33,7.25,10,10,10,7.25,80.58
1064,Brazil,SouthA,7.42,7.25,7.33,7,7.08,7.25,10,10,10,7.25,80.58
1065,Honduras,CentralA,7.5,7.17,7,7.42,7.33,7,10,10,10,7.17,80.58
1066,Guatemala,CentralA,7.17,7.42,6.83,7.5,7.17,7.25,10,10,10,7.25,80.58
1067,United States (Hawaii),Pacific,7.42,7.58,7.5,7.92,7.83,7.83,8.67,8.67,9.33,7.83,80.58
1068,Colombia,SouthA,7.08,7.25,7,7.5,7.08,7.33,10,10,10,7.33,80.58
1069,Taiwan,Asia,7.17,7.17,7.17,7.42,7.17,7.25,10,10,10,7.17,80.5
1070,Guatemala,CentralA,7.33,7.25,7.08,7.17,7.25,7.17,10,10,10,7.25,80.5
1071,Honduras,CentralA,7.58,7.33,7,7.17,7.33,7.08,10,10,10,7,80.5
1072,Mauritius,Africa,7.25,7.25,7.17,7.17,7.25,7.17,10,10,10,7.25,80.5
1073,Brazil,SouthA,7.25,7.33,7.17,7.5,7.33,7.25,9.33,10,10,7.33,80.5
1074,Myanmar,Asia,7.17,7.33,7.17,7.42,7.25,7.08,10,10,10,7.08,80.5
1075,Guatemala,CentralA,7.5,7.17,6.83,7.5,7.17,7.17,10,10,10,7.17,80.5
1076,Brazil,SouthA,7.42,7.42,7.08,7.33,7.67,7.5,9.33,9.33,10,7.42,80.5
1077,United States (Hawaii),Pacific,7.42,7.33,7.33,7.58,7.58,7.42,8.67,10,10,7.17,80.5
1078,Guatemala,CentralA,7.5,7.5,7,7.67,7.17,7,10,10,10,6.67,80.5
1079,Mexico,CentralA,7.25,7.25,7.08,7.33,7.25,7.17,10,10,10,7.17,80.5
1080,Honduras,CentralA,7.25,7.42,7,7.42,7.33,7,10,10,10,7,80.42
1081,Taiwan,Asia,7.58,7.17,7.17,7.17,7.17,7.17,10,10,10,7,80.42
1082,El Salvador,CentralA,7.33,7.17,7.08,7.08,7.33,7.17,10,10,10,7.25,80.42
1083,China,Asia,7.25,7.08,7.25,7.17,7.33,7.17,10,10,10,7.17,80.42
1084,Taiwan,Asia,7.25,7.25,7.17,7.25,7.25,7.25,10,10,10,7,80.42
1085,Mexico,CentralA,6.92,7.17,7.08,7.5,7.33,7.17,10,10,10,7.25,80.42
1086,Mexico,CentralA,7.42,7.08,7.08,7.33,7.25,7.17,10,10,10,7.08,80.42
1087,Burundi,Africa,7.08,7.25,7.17,7.33,7.08,7.08,10,10,10,7.33,80.33
1088,"Tanzania, United Republic Of",Africa,7.25,7.17,7,7.25,7.42,7.08,10,10,10,7.17,80.33
1089,"Tanzania, United Republic Of",Africa,7.25,7.17,7.25,7.25,7.25,7.08,10,10,10,7.08,80.33
1090,Taiwan,Asia,7.25,7.25,7.08,7.25,7.25,7.25,10,10,10,7,80.33
1091,Guatemala,CentralA,7.33,7.33,6.83,7.5,7,7.17,10,10,10,7.17,80.33
1092,Mexico,CentralA,7.25,7.08,7.08,7.33,7.33,7.17,10,10,10,7.08,80.33
1093,United States (Hawaii),Pacific,7.17,7.5,6.92,7.33,7.67,7.33,9.33,10,10,7.08,80.33
1094,Ethiopia,Africa,7.25,7.25,7.25,7.33,7.5,8,9.33,9.33,10,7.08,80.33
1095,Brazil,SouthA,7.17,7.33,7.42,7.08,7,7,10,10,10,7.25,80.25
1096,Honduras,CentralA,7.25,7.25,7,7,7.42,7,10,10,10,7.33,80.25
1097,Mexico,CentralA,7.25,7.17,7,7.33,7.33,7,10,10,10,7.17,80.25
1098,Myanmar,Asia,8,7.08,7,7.33,7.08,6.92,10,10,10,6.83,80.25
1099,Myanmar,Asia,7.42,7,7.08,7,7.17,7.33,10,10,10,7.25,80.25
1100,Nicaragua,CentralA,7.08,6.92,7,7.25,7.5,7.25,10,10,10,7.25,80.25
1101,United States (Hawaii),Pacific,7.5,7.08,7.67,7.67,7.42,7.58,9.33,9.33,9.33,7.33,80.25
1102,Colombia,SouthA,7.42,8,7.83,7.75,8.08,7.58,8.67,8.67,8.67,7.58,80.25
1103,Taiwan,Asia,7.25,7.08,7.25,7.25,7.17,7.25,10,10,10,7,80.25
1104,Guatemala,CentralA,7,7.17,7.33,7.33,7,7.17,10,10,10,7.25,80.25
1105,Mexico,CentralA,7.58,7.33,7.17,7.25,6.75,7,10,10,10,7.17,80.25
1106,Vietnam,Asia,7.42,7.25,7.25,7.58,7.42,7.33,8.67,10,10,7.25,80.17
1107,Nicaragua,CentralA,7.17,7.08,7.08,7.33,7.25,7.08,10,10,10,7.17,80.17
1108,Honduras,CentralA,7.25,7.25,7,7.17,7.08,7.08,10,10,10,7.33,80.17
1109,Guatemala,CentralA,7.33,7.33,7,7.17,7.17,7.17,10,10,10,7,80.17
1110,Mexico,CentralA,7.33,7.08,6.92,7.42,7.25,7.08,10,10,10,7.08,80.17
1111,Mexico,CentralA,7.58,7.42,7.33,7.5,7.08,7.17,8.67,10,10,7.42,80.17
1112,Mexico,CentralA,7.33,7.33,7.17,7.08,7.25,7,10,10,10,7,80.17
1113,Guatemala,CentralA,7.33,7.33,7,7.33,7,7,10,10,10,7.17,80.17
1114,United States (Hawaii),Pacific,7.58,7.5,7.33,7.33,7.67,7.33,9.33,9.33,9.33,7.42,80.17
1115,Brazil,SouthA,7.17,7.17,7,7.17,7.25,7.25,10,10,10,7.08,80.08
1116,Taiwan,Asia,7.42,7.25,7.25,7.17,7,7,10,10,10,7,80.08
1117,Nicaragua,CentralA,7.25,7.17,6.92,7.25,7.17,7.25,10,10,10,7.08,80.08
1118,Taiwan,Asia,7.25,7.25,7.25,7.25,7.08,7,10,10,10,7,80.08
1119,Taiwan,Asia,7.25,7.25,7.25,7,7.25,7.08,10,10,10,7,80.08
1120,Taiwan,Asia,7.25,7.25,7.25,7.08,7.17,7.08,10,10,10,7,80.08
1121,Mexico,CentralA,7.33,7.17,7.25,7.08,7.08,7.08,10,10,10,7.08,80.08
1122,Mexico,CentralA,7.25,7.08,7,7.17,7.33,7.17,10,10,10,7.08,80.08
1123,Nicaragua,CentralA,7.33,7.08,6.92,7.08,7.42,7.17,10,10,10,7,80
1124,Myanmar,Asia,7.17,7.33,7,7.42,7.17,7,10,10,10,6.92,80
1125,Mexico,CentralA,7.58,7.75,7.42,7.5,7.5,7.5,8.67,8.67,10,7.42,80
1126,Taiwan,Asia,7.25,7.25,7.25,7,7.25,7,10,10,10,7,80
1127,Thailand,Asia,7.33,6.67,7.08,7.42,7.42,7.08,10,10,10,7,80
1128,Mexico,CentralA,7.25,7.25,7.08,7.17,7.33,7.33,9.33,10,10,7.25,80
1129,Mexico,CentralA,7.08,7.33,7,7.33,7.08,7,10,10,10,7.17,80
1130,Ethiopia,Africa,7.42,7.42,7.5,7.92,7.75,7.58,8.67,9.33,8.67,7.75,80
1131,Colombia,SouthA,7.83,7.67,7.58,7.75,7.83,7.17,6.67,10,10,7.42,79.92
1132,United States (Hawaii),Pacific,7.5,7,7,6.92,7.33,7.17,10,10,10,7,79.92
1133,Mexico,CentralA,7.33,7.08,7.08,7.33,7.42,7.17,9.33,10,10,7.17,79.92
1134,Mexico,CentralA,7.17,7.17,6.92,7.25,7.33,7.08,10,10,10,7,79.92
1135,Mexico,CentralA,7.5,7.17,7,7.17,7.25,7.08,10,10,10,6.75,79.92
1136,Mexico,CentralA,7.17,7.08,7.08,7.08,7.5,7.33,9.33,10,10,7.33,79.92
1137,Mexico,CentralA,7.33,7.25,7,7.42,7.17,7.17,9.33,10,10,7.25,79.92
1138,Mexico,CentralA,7.17,7.33,7.08,7.58,7.33,7.08,10,9.33,10,7,79.92
1139,United States (Hawaii),Pacific,7.5,7.42,7.58,7.42,7.5,7.58,8.67,8.67,10,7.58,79.92
1140,Kenya,Africa,7,7.08,7,7.17,7.25,7.25,10,10,10,7.08,79.83
1141,Guatemala,CentralA,7.33,7.25,6.92,7.33,7.25,7.33,9.33,10,10,7.08,79.83
1142,Nicaragua,CentralA,6.83,7.17,7.17,6.92,7.5,7.08,10,10,10,7.17,79.83
1143,Mexico,CentralA,7.17,7.08,7,7.25,7.5,7,10,10,10,6.83,79.83
1144,United States (Hawaii),Pacific,7.58,7.08,6.83,7.17,7.5,7.17,9.33,10,10,7.17,79.83
1145,Guatemala,CentralA,7.5,7.42,7.25,7.58,7.33,7.42,9.33,9.33,9.33,7.25,79.75
1146,Taiwan,Asia,7.75,7.33,7.17,7.33,7.67,7.83,9.33,9.33,8.67,7.33,79.75
1147,Taiwan,Asia,7.08,7.08,7.25,7,7.17,7.17,10,10,10,7,79.75
1148,Thailand,Asia,7.25,7.08,6.92,7.5,7.08,6.92,10,10,10,7,79.75
1149,Peru,SouthA,7,7.08,7,7.25,7.5,7.42,9.33,10,10,7.17,79.75
1150,Costa Rica,CentralA,7.58,7.5,7.67,7.75,7.67,7.58,8,8,10,8,79.75
1151,Mexico,CentralA,7.58,7.08,7,7,7.5,6.92,10,10,10,6.67,79.75
1152,Mexico,CentralA,7.58,7.08,6.92,7.58,7.5,6.92,10,9.33,10,6.83,79.75
1153,Mexico,CentralA,7.25,7.08,7,7.17,7.17,7.08,10,10,10,7,79.75
1154,Mexico,CentralA,7.25,7.17,7.17,7.08,7.17,7,10,10,10,6.92,79.75
1155,Mexico,CentralA,7.33,7.25,7,7.08,7.08,7,10,10,10,7,79.75
1156,Guatemala,CentralA,7.58,7.33,7.5,7.33,7,7.33,9.33,9.33,9.33,7.67,79.75
1157,Mexico,CentralA,7.25,6.83,6.92,7.08,7.25,7.08,10,10,10,7.33,79.75
1158,Guatemala,CentralA,7.42,7.42,7.25,7.58,7.42,7.33,9.33,9.33,9.33,7.25,79.67
1159,El Salvador,CentralA,7.25,7.08,7,6.83,7.33,7.17,10,10,10,7,79.67
1160,Thailand,Asia,6.92,7.17,6.83,7.42,7.17,7.08,10,10,10,7.08,79.67
1161,Guatemala,CentralA,7.5,7,6.83,7.08,7.08,7.17,10,10,10,7,79.67
1162,Mexico,CentralA,7.42,7.25,6.83,7.58,7.17,6.58,10,10,10,6.83,79.67
1163,Mexico,CentralA,7.33,7.17,7,6.75,7.08,7,10,10,10,7.33,79.67
1164,Mexico,CentralA,6.92,7.17,7.17,7.17,7.08,7.08,10,10,10,7.08,79.67
1165,Thailand,Asia,7.17,7.17,7,7,7.25,6.92,10,10,10,7.17,79.67
1166,Mexico,CentralA,7.08,7,6.92,7.33,7.25,7.08,10,10,10,6.92,79.58
1167,Mexico,CentralA,7.25,6.92,6.92,7.33,7.25,7,10,10,10,6.92,79.58
1168,Colombia,SouthA,7.25,7.17,7,6.75,7.17,7.33,10,10,10,6.92,79.58
1169,Guatemala,CentralA,7.08,7,6.83,7.33,7.25,7,10,10,10,7.08,79.58
1170,Nicaragua,CentralA,6.92,6.92,7,7.42,7.25,7,10,10,10,7,79.5
1171,Taiwan,Asia,6.92,7,7.17,7,7.42,7,10,10,10,7,79.5
1172,Colombia,SouthA,7.83,7.5,7.42,7.42,7.67,7.5,10,6.67,10,7.5,79.5
1173,Mexico,CentralA,7.25,7.08,6.92,7.25,7.58,7.08,9.33,10,10,7,79.5
1174,Mexico,CentralA,7.25,7.33,7,7.25,7.17,7.17,9.33,10,10,7,79.5
1175,Guatemala,CentralA,7.08,7.33,7.25,7.58,7.33,7.42,9.33,9.33,9.33,7.42,79.42
1176,Guatemala,CentralA,7.25,7.33,6.83,7,7,7.17,10,10,10,6.83,79.42
1177,Mexico,CentralA,7,6.83,6.83,7.42,7.33,7.17,10,10,10,6.83,79.42
1178,Cote divoire,Africa,7.42,7.25,6.83,7,7.33,7.08,9.33,10,10,7.08,79.33
1179,Colombia,SouthA,7.42,7.25,6.75,7.25,7.42,7.25,9.33,9.33,10,7.33,79.33
1180,Mexico,CentralA,7,7,6.83,7.33,7.42,6.92,10,10,10,6.83,79.33
1181,Mexico,CentralA,7.42,7.17,7.08,7.17,7.08,7.08,9.33,10,10,7,79.33
1182,Guatemala,CentralA,7.17,6.5,6.33,7.25,7.58,7.33,10,10,10,7.17,79.33
1183,Taiwan,Asia,7.08,6.83,6.83,7.25,7.42,7.08,10,10,10,6.75,79.25
1184,Mexico,CentralA,7,7,6.92,7.17,7.17,7.08,10,10,10,6.92,79.25
1185,Guatemala,CentralA,7.33,7.42,7.33,7.42,7.5,7.42,8.67,9.33,9.33,7.42,79.17
1186,Honduras,CentralA,7.58,7,6.75,6.92,7,6.92,10,10,10,7,79.17
1187,Guatemala,CentralA,7.08,7,6.92,7.42,7,6.92,10,10,10,6.83,79.17
1188,Guatemala,CentralA,7.25,7.17,6.75,7.25,7,6.92,10,10,10,6.83,79.17
1189,Costa Rica,CentralA,7.17,7.42,7.5,8,7.25,7.83,10,10,6.67,7.33,79.17
1190,Mexico,CentralA,7.25,7.08,6.92,7.08,7.17,7.17,9.33,10,10,7.17,79.17
1191,Mexico,CentralA,7.17,6.92,6.92,7.08,7.17,7,10,10,10,6.92,79.17
1192,Mexico,CentralA,6.75,6.75,6.83,7.25,7.58,7.08,10,10,10,6.92,79.17
1193,Guatemala,CentralA,7.58,7.67,7.42,7.42,7.67,7.67,8.67,8.67,8.67,7.67,79.08
1194,United States (Puerto Rico),CentralA,7.42,7.08,6.75,7.33,7.33,6.92,10,9.33,10,6.92,79.08
1195,Mexico,CentralA,7.33,7,6.92,7.25,7.33,7.08,9.33,10,10,6.83,79.08
1196,Mexico,CentralA,7.25,7.08,6.75,7.33,7.42,7,9.33,10,10,6.92,79.08
1197,Mexico,CentralA,7.17,7.25,7.25,7.17,7.25,7.08,9.33,9.33,10,7.25,79.08
1199,Guatemala,CentralA,7.33,7.17,6.58,7.42,7.08,6.83,10,10,10,6.58,79
1200,Honduras,CentralA,7,7,7,7,7,7,10,10,10,7,79
1201,Peru,SouthA,7.67,7.17,7.08,7.25,8,7.5,8.67,9.33,9.33,7,79
1202,Mexico,CentralA,6.75,7.08,6.67,7.25,7.17,7.08,10,10,10,7,79
1203,Mexico,CentralA,7.5,7.17,6.92,7.5,7.25,7,8.67,10,10,7,79
1204,Mexico,CentralA,7.17,6.83,6.83,7.25,7.17,6.92,10,10,10,6.83,79
1205,Mexico,CentralA,7.33,7,6.75,7.08,7.17,7.25,9.33,10,10,7,78.92
1206,Mexico,CentralA,7.5,7,6.92,7.08,6.92,6.75,10,10,10,6.75,78.92
1207,Nicaragua,CentralA,7.17,7,6.92,7,7,7,10,10,10,6.75,78.83
1208,United States (Hawaii),Pacific,7.5,6.92,6.92,7.25,7.58,7.42,9.33,9.33,9.33,7.17,78.75
1209,Guatemala,CentralA,7.33,7.08,6.33,7.25,7,7,10,10,10,6.75,78.75
1210,Mexico,CentralA,7.25,6.83,6.83,7,7.17,7,10,10,10,6.67,78.75
1211,Mexico,CentralA,7.25,7.33,7.17,7.25,7.08,7,8.67,10,10,7,78.75
1212,Mexico,CentralA,7.67,7.17,6.83,7.33,7.58,7.17,9.33,10,8.67,7,78.75
1213,China,Asia,7,6.92,6.83,7.17,7.17,7.17,10,10,9.33,7.08,78.67
1214,Mexico,CentralA,6.92,6.92,6.67,7.25,7.17,6.92,10,10,10,6.83,78.67
1215,Nicaragua,CentralA,7.08,7,6.75,6.83,7.08,6.92,10,10,10,6.92,78.58
1216,Nicaragua,CentralA,6.83,7.08,6.92,6.75,7.25,7.08,10,10,10,6.67,78.58
1217,Guatemala,CentralA,7.33,7.17,6.92,7.58,7.25,7.17,8.67,9.33,10,7.17,78.58
1218,Taiwan,Asia,6.83,6.75,7.17,7.25,7,6.92,10,10,10,6.67,78.58
1219,Mexico,CentralA,7,7,6.75,7.33,6.92,6.92,10,10,10,6.67,78.58
1220,Mexico,CentralA,7.92,7.58,7.58,7.92,7.92,7.5,8,6.67,10,7.5,78.58
1221,United States (Hawaii),Pacific,7.92,6.83,7.08,7.42,6.75,7.33,8.67,9.33,10,7.25,78.58
1222,Mexico,CentralA,7.25,6.75,6.92,6.92,7.25,7.58,9.33,9.33,10,7.17,78.5
1223,Mexico,CentralA,7.08,6.83,6.83,7,7,6.92,10,10,10,6.83,78.5
1224,Mexico,CentralA,7.25,7.17,7,6.83,7.58,7.08,8.67,10,10,6.92,78.5
1225,Brazil,SouthA,6.83,7,6.92,7.08,6.92,6.83,10,10,10,6.83,78.42
1226,Mexico,CentralA,7.58,7.17,7,7.17,7.33,7,8,10,10,7.17,78.42
1227,United States (Hawaii),Pacific,7.5,7.75,7.58,7.83,7.92,7.92,7.33,8,8.67,7.83,78.33
1228,Guatemala,CentralA,7.17,6.5,6.67,7,7.17,7.17,10,10,10,6.67,78.33
1229,Guatemala,CentralA,7.17,7.17,6.5,7.17,7,6.83,10,10,10,6.5,78.33
1230,Mexico,CentralA,7.25,7.25,7,7.5,7.33,7.42,8,9.33,10,7.75,78.33
1231,Guatemala,CentralA,7.17,6.08,6.17,7.25,7.33,7.33,10,10,10,7,78.33
1232,United States (Hawaii),Pacific,7.5,7.5,7.33,7.58,7.5,7.42,8.67,8.67,8.67,7.42,78.25
1233,United States (Hawaii),Pacific,7.42,7.33,7.33,7.5,7.67,7.75,8,8.67,9.33,7.25,78.25
1234,Indonesia,Asia,6.92,6.83,6.92,6.92,6.92,6.83,10,10,10,6.83,78.17
1235,Mexico,CentralA,7.08,6.83,6.67,7.25,7.25,6.92,10,9.33,10,6.75,78.08
1236,Taiwan,Asia,7.5,7.08,7.33,7.17,7.5,7.5,6.67,10,10,7.25,78
1237,Honduras,CentralA,6.83,7,6.67,7,7,6.83,10,10,10,6.67,78
1238,United States (Hawaii),Pacific,7.58,7.33,7.5,7.42,7.5,7.33,8,8.67,9.33,7.33,78
1239,Guatemala,CentralA,7.42,7.25,6.83,7.33,7,6.92,9.33,9.33,9.33,7.25,78
1240,China,Asia,7.33,7.17,6.92,7.08,7.33,7,9.33,9.33,9.33,7.17,78
1241,Guatemala,CentralA,7,6.83,6.83,7.17,6.67,6.83,10,10,10,6.67,78
1242,Mexico,CentralA,7.25,7.33,7,7,7.25,7.08,10,10,8,7.08,78
1243,Colombia,SouthA,7.42,7.17,7,7.17,7.67,7.17,8.67,9.33,9.33,7.08,78
1244,Costa Rica,CentralA,7.5,7.25,7.42,7,7.08,6.83,8.67,9.33,10,6.83,77.92
1245,Mexico,CentralA,7.42,7.25,7,7,7.25,7.08,8,10,10,6.92,77.92
1246,Guatemala,CentralA,7.17,6.17,6.17,7.08,7.33,6.83,10,10,10,7.17,77.92
1247,Nicaragua,CentralA,7.42,7,7,7.17,7.08,7,9.33,8.67,10,7.17,77.83
1248,Brazil,SouthA,7,6.75,6.67,6.83,7.08,6.83,10,10,10,6.67,77.83
1249,Guatemala,CentralA,7,6.83,6.67,7.17,6.83,6.83,10,10,10,6.5,77.83
1250,Taiwan,Asia,7.17,6.75,6.58,7.33,7.33,7.17,9.33,9.33,10,6.67,77.67
1251,United States (Hawaii),Pacific,7.58,7.67,7.58,7.67,7.42,7.42,9.33,9.33,6,7.58,77.58
1252,Mexico,CentralA,7.17,6.75,6.58,6.75,6.83,6.75,10,10,10,6.67,77.5
1253,Guatemala,CentralA,7.08,6.92,6.33,7,6.92,7,10,10,10,6.17,77.42
1254,Brazil,SouthA,7.5,7.33,7.42,7.58,7.58,6.92,8,8,10,7,77.33
1255,Guatemala,CentralA,7.33,7,6.83,7.17,7.17,7.17,9.33,9.33,9.33,6.67,77.33
1256,Mexico,CentralA,7.33,7,6.67,7,6.92,6.92,9.33,9.33,10,6.83,77.33
1257,Haiti,CentralA,6.83,6.83,6.83,6.75,6.92,6.92,9.33,10,10,6.83,77.25
1258,United States (Hawaii),Pacific,7.08,6.92,6.83,6.67,7.58,7.42,8.67,9.33,10,6.75,77.25
1259,Mexico,CentralA,7.08,7,7,7.25,7.33,7.25,8.67,8.67,10,6.92,77.17
1260,Peru,SouthA,7.42,7.75,7.42,7.67,7.92,7.83,8.67,5.33,9.33,7.67,77
1261,India,Asia,7.67,7.33,7.17,6.67,7.17,7.42,9.33,10,6.67,7.42,76.83
1262,Mexico,CentralA,6.67,6.33,6.42,6.83,7,6.92,10,10,10,6.58,76.75
1263,Guatemala,CentralA,6.42,6.5,6.5,7.33,6.33,6.92,10,10,10,6.5,76.5
1264,Mexico,CentralA,7.17,6.58,6.58,7,7.25,6.58,9.33,9.33,10,6.58,76.42
1265,Guatemala,CentralA,7.5,7,6.83,7.5,7.17,7.33,8.67,8.67,8.67,7,76.33
1266,Guatemala,CentralA,6.17,6.5,6.5,7.17,7,6.83,10,10,10,6.17,76.33
1267,United States (Hawaii),Pacific,7.25,7.08,6.83,7.17,7.33,6.83,8.67,8.67,9.33,7.08,76.25
1268,United States (Hawaii),Pacific,7.5,7.33,7.33,7.58,7.67,7.25,8,8,8,7.5,76.17
1269,Mexico,CentralA,7.42,7,6.83,7.08,6.92,6.83,7.33,10,10,6.75,76.17
1270,Indonesia,Asia,7.33,7,6.5,6.08,7.58,6.33,9.33,10,9.33,6.67,76.17
1271,Mexico,CentralA,7.08,6.83,6.83,7.17,7.17,7.08,10,7.33,10,6.58,76.08
1272,Honduras,CentralA,6.83,6.83,6.67,6.83,7,6.83,9.33,8.67,10,7,76
1273,Philippines,Asia,6.83,6.5,6.5,6.92,6.75,7,9.33,10,9.33,6.67,75.83
1274,Brazil,SouthA,7.17,7,6.83,7.5,7.17,7,8,8,10,7,75.67
1275,Guatemala,CentralA,7.92,7.58,7.17,7.58,7.33,7.17,8,8,8,6.83,75.58
1276,Guatemala,CentralA,6.67,6.5,6.33,7,7.17,6.75,8.67,10,10,6.5,75.58
1277,Mexico,CentralA,7.5,7.25,6.92,7,7.17,6.83,8,8,10,6.83,75.5
1278,Mexico,CentralA,7.17,6.92,6.67,6.83,7.25,7.75,10,6,10,6.58,75.17
1279,Mexico,CentralA,7.25,6.83,6.67,7.08,7.17,6.83,10,6.67,10,6.67,75.17
1280,Mexico,CentralA,7.17,7.17,6.83,7.17,7.42,6.67,8.67,7.33,10,6.75,75.17
1281,Mexico,CentralA,7,6.92,6.75,6.92,7.17,6.83,10,6.67,10,6.75,75
1282,Mexico,CentralA,7.08,6.75,6.58,7,7,6.75,8.67,8.67,10,6.42,74.92
1283,Mexico,CentralA,7.33,6.75,6.67,7.25,7.5,7,10,5.33,10,7,74.83
1284,Guatemala,CentralA,6.75,6.5,6.17,7,7.25,6.75,8,10,10,6.33,74.75
1285,Guatemala,CentralA,6.75,6.67,6.17,7.17,7,6.58,8,10,10,6.42,74.75
1286,Mexico,CentralA,7.08,7,6.83,7.5,7.33,6.83,8,7.33,10,6.75,74.67
1287,United States (Hawaii),Pacific,7.5,7.25,7,7.25,7.42,7.33,8,8.67,6.67,7.33,74.42
1288,Guatemala,CentralA,6.5,6.33,6.5,7.5,7.33,6.83,8.67,10,8.67,6,74.33
1289,Mexico,CentralA,7,6.58,6.67,6.83,7.08,6.83,10,6.67,10,6.67,74.33
1290,Mexico,CentralA,6.92,6.42,6.17,7.33,7.25,6.75,10,6.67,10,6.5,74
1291,Mexico,CentralA,7.67,7,7.17,7.58,7.33,7.33,10,2.67,10,7.08,73.83
1292,United States (Hawaii),Pacific,7.17,7.17,7.17,7.58,7.67,6.92,9.33,6.67,6.67,7.33,73.67
1293,Brazil,SouthA,7.25,6.58,6.58,7,7,6.42,8,8,10,6.67,73.5
1294,Honduras,CentralA,7,7.17,6.83,7.17,7,7.17,8,8,8,7.08,73.42
1295,Mexico,CentralA,7.08,7.08,6.92,7.08,6.92,6.92,8,8,8,6.92,72.92
1296,Colombia,SouthA,8,7.33,7.75,7.33,7.42,7.67,6.67,6.67,6.67,7.33,72.83
1297,United States (Hawaii),Pacific,6.92,6.92,6.92,7.5,7.58,7.17,6.67,6.67,9.33,6.92,72.58
1298,Haiti,CentralA,6.92,6.75,7.08,7.17,7.33,6.67,10,5.33,8.67,6.42,72.33
1299,Costa Rica,CentralA,6.33,6.5,6.33,6.83,6.33,6.5,10,6.67,10,6.25,71.75
1300,Mexico,CentralA,6.92,6.92,6.92,6.92,7.17,7,10,2.67,10,6.58,71.08
1301,Mexico,CentralA,6.5,6.67,6.42,7.17,7.33,6.5,8,6,10,6.42,71
1302,Mexico,CentralA,6.92,7,6.83,6.92,7.42,6.92,6,6,10,6.75,70.75
1303,Brazil,SouthA,7,7,6.83,7,7.33,6.83,6,6,10,6.67,70.67
1304,Honduras,CentralA,6.67,6.5,6.17,6.67,6.83,6.17,8,8,8,6.33,69.33
1305,Honduras,CentralA,7,6.17,6.17,6.67,6.5,6.17,8,8,8,6.5,69.17
1306,Honduras,CentralA,7,6.33,6.17,6.5,6.67,6.17,8,8,8,6.33,69.17
1307,Mexico,CentralA,7.08,6.83,6.25,7.42,7.25,6.75,10,0,10,6.75,68.33
1308,Haiti,CentralA,6.75,6.58,6.42,6.67,7.08,6.67,9.33,6,6,6.42,67.92
1309,Nicaragua,CentralA,7.25,6.58,6.33,6.25,6.42,6.08,6,6,6,6.17,63.08
1310,Guatemala,CentralA,7.5,6.67,6.67,7.67,7.33,6.67,8,1.33,1.33,6.67,59.83